{
    "uvs":[[0.079768,0.709192,0.021048,0.597869,0.026579,0.594312,0.038989,0.596401,0.063273,0.602451,0.051398,0.59849,0.075147,0.606412,0.087187,0.611045,0.110761,0.6204,0.099227,0.615677,0.122294,0.625123,0.131992,0.629652,0.154086,0.642566,0.141689,0.634181,0.166482,0.650951,0.172734,0.658534,0.181984,0.680102,0.178986,0.666117,0.184983,0.694088,0.185675,0.718229,0.18388,0.766739,0.186367,0.74237,0.181392,0.791108,0.177337,0.798965,0.162006,0.810928,0.173282,0.806823,0.15073,0.815033,0.12621,0.815032,0.089553,0.81503,0.101691,0.815032,0.077415,0.815028,0.065439,0.815025,0.040728,0.813756,0.053463,0.815023,0.027993,0.812488,0.02106,0.810332,0.01091,0.805547,0.014126,0.808176,0.007694,0.802918,0.006765,0.796554,0.00582,0.765701,0.005836,0.790191,0.005804,0.741211,0.005788,0.717094,0.005763,0.679584,0.005772,0.692977,0.005754,0.66619,0.005758,0.647486,0.007169,0.618827,0.005762,0.628781,0.008575,0.608872,0.012046,0.605149,0.015516,0.601426,0.307604,0.116537,0.390511,0.159246,0.375252,0.159175,0.358949,0.159107,0.323556,0.159055,0.342646,0.159039,0.304466,0.159071,0.27614,0.159094,0.242964,0.152697,0.247814,0.159117,0.238114,0.146276,0.238097,0.138784,0.238062,0.118457,0.23808,0.131291,0.238044,0.105623,0.238031,0.096625,0.241925,0.080334,0.238019,0.087627,0.245831,0.073041,0.275364,0.073009,0.324947,0.072956,0.304897,0.072977,0.344996,0.072934,0.360794,0.072961,0.391261,0.073014,0.376592,0.072989,0.403348,0.074866,0.382745,0.116608,0.403023,0.157731,0.411676,0.117538,0.41027,0.080373,0.414642,0.097523,0.414609,0.087707,0.414676,0.10734,0.414717,0.119197,0.414535,0.138914,0.414759,0.131054,0.41431,0.146775,0.41004,0.153046]],
    "metadata":{
        "vertices":92,
        "uvs":1,
        "faces":92,
        "generator":"io_three",
        "normals":54,
        "version":3,
        "type":"Geometry"
    },
    "faces":[40,44,47,1,0,1,2,0,1,2,40,1,48,44,2,3,0,2,3,0,40,49,44,48,4,0,3,4,0,3,40,48,2,49,3,5,4,3,5,4,40,44,49,3,0,4,6,0,4,6,40,3,50,44,6,7,0,6,7,0,40,51,44,50,8,0,7,8,0,7,40,50,4,51,7,9,8,7,9,8,40,44,51,5,0,8,10,0,8,10,40,5,52,44,10,11,0,10,11,0,40,53,44,52,12,0,11,12,0,11,40,52,6,53,11,13,12,11,13,12,40,44,53,7,0,12,14,0,12,14,40,7,54,44,14,15,0,14,15,0,40,55,44,54,16,0,15,15,0,15,40,54,8,55,15,17,16,15,16,15,40,44,55,9,0,16,18,0,15,17,40,9,56,44,18,19,0,17,17,0,40,57,44,56,20,0,19,17,0,17,40,56,10,57,19,21,20,17,17,17,40,44,57,11,0,20,22,0,17,15,40,11,58,44,22,23,0,15,15,0,40,59,44,58,24,0,23,18,0,15,40,58,12,59,23,25,24,15,19,18,40,44,59,13,0,24,26,0,18,18,40,13,60,44,26,27,0,18,18,0,40,61,44,60,28,0,27,20,0,18,40,60,14,61,27,29,28,18,21,20,40,44,61,15,0,28,30,0,20,18,40,15,62,44,30,31,0,18,18,0,40,63,44,62,32,0,31,22,0,18,40,62,16,63,31,33,32,18,23,22,40,44,63,17,0,32,34,0,22,20,40,17,64,44,34,35,0,20,24,0,40,65,44,64,36,0,35,25,0,24,40,64,18,65,35,37,36,24,26,25,40,44,65,19,0,36,38,0,25,27,40,19,66,44,38,39,0,27,28,0,40,67,44,66,40,0,39,29,0,28,40,66,20,67,39,41,40,28,30,29,40,44,67,21,0,40,42,0,29,31,40,21,68,44,42,43,0,31,19,0,40,69,44,68,44,0,43,18,0,19,40,68,22,69,43,45,44,19,32,18,40,44,69,23,0,44,46,0,18,33,40,23,70,44,46,47,0,33,33,0,40,71,44,70,48,0,47,34,0,33,40,70,24,71,47,49,48,33,35,34,40,44,71,25,0,48,50,0,34,34,40,25,72,44,50,51,0,34,1,0,40,47,44,72,1,0,51,1,0,1,40,72,0,47,51,52,1,1,36,1,40,45,73,27,53,54,55,37,38,39,40,27,74,45,55,56,53,39,39,37,40,75,45,74,57,53,56,37,37,39,40,74,28,75,56,58,57,39,40,37,40,45,75,29,53,57,59,37,37,41,40,29,76,45,59,60,53,41,42,37,40,77,45,76,61,53,60,42,37,42,40,76,30,77,60,62,61,42,43,42,40,45,77,31,53,61,63,37,42,41,40,31,78,45,63,64,53,41,41,37,40,79,45,78,65,53,64,44,37,41,40,78,32,79,64,66,65,41,45,44,40,45,79,33,53,65,67,37,44,44,40,33,80,45,67,68,53,44,44,37,40,81,45,80,69,53,68,44,37,44,40,80,34,81,68,70,69,44,46,44,40,45,81,35,53,69,71,37,44,41,40,35,82,45,71,72,53,41,41,37,40,83,45,82,73,53,72,37,37,41,40,82,36,83,72,74,73,41,47,37,40,45,83,37,53,73,75,37,37,37,40,37,84,45,75,76,53,37,38,37,40,85,45,84,77,53,76,48,37,38,40,84,38,85,76,78,77,38,49,48,40,45,85,39,53,77,79,37,48,38,40,39,91,45,79,80,53,38,37,37,40,73,45,91,54,53,80,38,37,37,40,91,26,73,80,81,54,37,38,38,40,46,91,39,82,80,79,50,37,38,40,39,86,46,79,83,82,38,50,50,40,87,46,86,84,82,83,38,50,50,40,86,40,87,83,85,84,50,50,38,40,46,87,41,82,84,86,50,38,37,40,41,88,46,86,87,82,37,51,50,40,89,46,88,88,82,87,52,50,51,40,88,42,89,87,89,88,51,53,52,40,46,89,43,82,88,90,50,52,37,40,43,90,46,90,91,82,37,38,50,40,91,46,90,80,82,91,37,50,38,40,90,26,91,91,81,80,38,38,37],
    "normals":[-0.088992,0.996002,0.00412,-0.089084,0.996002,0.00412,-0.089114,0.996002,0.00412,-0.089328,0.995972,0.003784,-0.088992,0.996002,0.002441,-0.103122,0.994629,0.006714,-0.088534,0.996063,0.003265,-0.08948,0.995941,0.005737,-0.089969,0.995911,0.003052,-0.284677,0.954466,0.088931,-0.088412,0.996063,0.004089,-0.088198,0.996063,0.006195,-0.089053,0.996002,0.004822,-0.104709,0.994354,0.015625,-0.089114,0.996002,0.004181,-0.089084,0.996002,0.004181,-0.089053,0.996002,0.004089,-0.089084,0.996002,0.004212,-0.089053,0.996002,0.004151,-0.089084,0.996002,0.004151,-0.089053,0.996002,0.00412,-0.075594,0.997101,0.004028,-0.089022,0.996002,0.004151,-0.088961,0.996002,0.00412,-0.08887,0.996033,0.004242,-0.088595,0.996033,0.004547,-0.086886,0.996185,0.003418,-0.0889,0.996002,0.004456,-0.08948,0.995972,0.003479,-0.089175,0.996002,0.003967,-0.089084,0.996002,-0.000244,-0.089084,0.996002,0.004059,0.067629,-0.777367,0.625385,-0.089053,0.996002,0.004059,-0.089084,0.996002,0.004089,-0.089084,0.996002,0.003876,-0.0889,0.996002,0.004273,-0.225105,0.973876,-0.028779,-0.225135,0.973876,-0.028779,-0.225135,0.973876,-0.028809,0.225105,-0.973815,0.031281,-0.225105,0.973907,-0.028779,-0.225074,0.973907,-0.028809,-0.225074,0.973907,-0.02884,-0.225074,0.973907,-0.028779,-0.231422,0.972411,-0.02884,-0.225013,0.973907,-0.028809,-0.127537,0.571856,0.810358,-0.225135,0.973876,-0.028748,0.229316,-0.967345,0.107913,-0.225166,0.973876,-0.028779,-0.225196,0.973876,-0.028809,-0.224921,0.973937,-0.028779,-0.226051,0.973662,-0.028809],
    "name":"chukongbanGeometry",