{
    "uvs":[[0.165231,0.918888,0.199825,0.919222,0.199722,0.939188,0.164904,0.938504,0.129115,0.938014,0.129652,0.918641,0.32586,0.920553,0.36306,0.921129,0.362825,0.943119,0.325692,0.941919,0.285538,0.940871,0.28572,0.920046,0.084535,0.884112,0.096119,0.883615,0.090157,0.901291,0.073116,0.901288,0.130449,0.882925,0.13011,0.901283,0.16436,0.9714,0.128213,0.970638,0.199552,0.972568,0.325414,0.977247,0.285236,0.975411,0.362439,0.979396,0.199998,0.882338,0.199915,0.901268,0.165493,0.90127,0.165589,0.882627,0.326173,0.88131,0.363486,0.881053,0.363271,0.901296,0.326013,0.901272,0.285885,0.901261,0.28606,0.881615,0.430849,0.984334,0.412403,0.982779,0.411018,0.944957,0.427131,0.945761,0.386582,0.980797,0.387212,0.943906,0.409944,0.922003,0.424415,0.922379,0.387591,0.921508,0.421083,0.90139,0.408506,0.901353,0.404662,0.880793,0.41324,0.880758,0.387904,0.901312,0.388066,0.880884,0.399353,0.864468,0.400949,0.863408,0.40543,0.867775,0.40099,0.867871,0.38816,0.867226,0.38819,0.862764,0.388216,0.859041,0.326332,0.860762,0.363689,0.861875,0.363637,0.866847,0.32629,0.86633,0.2862,0.866105,0.286252,0.860308,0.326369,0.855809,0.286297,0.855171,0.363733,0.857569,0.165667,0.861096,0.200089,0.860871,0.200065,0.866341,0.165647,0.866435,0.131549,0.866802,0.134086,0.862377,0.165682,0.856806,0.137418,0.859373,0.200109,0.856339,0.114844,0.863577,0.108503,0.865725,0.085442,0.918384,0.064114,0.918248,0.055177,0.937242,0.08074,0.937511,0.074944,0.969898,0.044373,0.969474,0.244649,0.855735,0.244594,0.86058,0.244531,0.866219,0.244137,0.901264,0.244354,0.881966,0.243927,0.919645,0.243304,0.974019,0.243693,0.94005,0.0973,0.871735,0.102753,0.868558]],
    "metadata":{
        "vertices":92,
        "uvs":1,
        "faces":148,
        "generator":"io_three",
        "normals":92,
        "version":3,
        "type":"Geometry"
    },
    "faces":[40,82,88,40,0,1,2,0,1,2,40,40,48,82,2,3,0,2,3,0,40,48,68,89,3,4,5,3,4,5,40,89,82,48,5,0,3,5,0,3,40,83,91,74,6,7,8,6,7,8,40,74,80,83,8,9,6,8,9,6,40,80,24,87,9,10,11,9,10,11,40,87,83,80,11,6,9,11,6,9,40,3,59,36,12,13,14,12,13,14,40,36,7,3,14,15,12,14,15,12,40,59,66,67,13,16,17,13,16,17,40,67,36,59,17,14,13,17,14,13,40,49,27,68,18,19,4,18,19,4,40,68,48,49,4,3,18,4,3,18,40,40,41,49,2,20,18,2,20,18,40,49,48,40,18,3,2,18,3,2,40,81,28,24,21,22,10,21,22,10,40,24,80,81,10,9,21,10,9,21,40,74,75,81,8,23,21,8,23,21,40,81,80,74,21,9,8,21,9,8,40,61,47,23,24,25,26,24,25,26,40,23,60,61,26,27,24,26,27,24,40,66,60,23,16,27,26,16,27,26,40,23,67,66,26,17,16,26,17,16,40,64,78,79,28,29,30,28,29,30,40,79,25,64,30,31,28,30,31,28,40,25,43,63,31,32,33,31,32,33,40,63,64,25,33,28,31,33,28,31,40,0,32,33,34,35,36,34,35,36,40,0,33,4,34,36,37,34,36,37,40,32,29,26,35,38,39,35,38,39,40,26,33,32,39,36,35,39,36,35,40,4,33,84,37,36,40,37,36,40,40,84,11,4,40,41,37,40,41,37,40,33,26,90,36,39,42,36,39,42,40,90,84,33,42,40,36,42,40,36,40,5,22,65,43,44,45,43,44,45,40,65,1,5,45,46,43,45,46,43,40,22,73,72,44,47,48,44,47,48,40,72,65,22,48,45,44,48,45,44,40,13,50,6,49,50,51,49,50,51,40,6,34,13,51,52,49,51,52,49,40,34,31,20,52,53,54,52,53,54,40,20,13,34,54,49,52,54,49,52,40,50,13,20,50,49,54,50,49,54,40,20,51,50,54,55,50,54,55,50,40,14,21,71,56,57,58,56,57,58,40,71,77,14,58,59,56,58,59,56,40,77,30,18,59,60,61,59,60,61,40,18,14,77,61,56,59,61,56,59,40,76,14,18,62,56,61,62,56,61,40,18,52,76,61,63,62,61,63,62,40,76,70,21,62,64,57,62,64,57,40,21,14,76,57,56,62,57,56,62,40,15,19,38,65,66,67,65,66,67,40,38,46,15,67,68,65,67,68,65,40,46,35,16,68,69,70,68,69,70,40,16,15,46,70,65,68,70,65,68,40,57,15,16,71,65,70,71,65,70,40,16,53,57,70,72,71,70,72,71,40,57,55,19,71,73,66,71,73,66,40,19,15,57,66,65,71,66,65,71,40,53,16,54,72,70,74,72,70,74,40,54,16,35,74,70,69,74,70,69,40,35,2,54,69,75,74,69,75,74,40,7,36,85,15,14,76,15,14,76,40,85,12,7,76,77,15,76,77,15,40,36,67,89,14,17,5,14,17,5,40,89,85,36,5,76,14,5,76,14,40,8,37,69,78,79,80,78,79,80,40,69,9,8,80,81,78,80,81,78,40,68,27,69,4,19,80,4,19,80,40,69,37,68,80,79,4,80,79,4,40,56,17,19,82,83,66,82,83,66,40,19,55,56,66,73,82,66,73,82,40,56,52,18,82,63,61,82,63,61,40,18,17,56,61,83,82,61,83,82,40,17,18,30,83,61,60,83,61,60,40,30,42,17,60,84,83,60,84,83,40,42,38,19,84,67,66,84,67,66,40,19,17,42,66,83,84,66,83,84,40,63,43,39,33,32,85,33,32,85,40,39,62,63,85,86,33,85,86,33,40,61,62,39,24,86,85,24,86,85,40,39,47,61,85,25,24,85,25,24,40,86,88,47,87,1,25,87,1,25,40,47,39,86,25,85,87,25,85,87,40,39,43,87,85,32,11,85,32,11,40,87,86,39,11,87,85,11,87,85,40,45,41,40,88,20,2,88,20,2,40,40,44,45,2,89,88,2,89,88,40,24,28,45,10,22,88,10,22,88,40,45,44,24,88,89,10,88,89,10,40,25,83,87,31,6,11,31,6,11,40,87,43,25,11,32,31,11,32,31,40,88,82,23,1,0,26,1,0,26,40,23,47,88,26,25,1,26,25,1,40,3,10,58,12,90,91,12,90,91,40,58,59,3,91,13,12,91,13,12,40,2,35,66,75,69,16,75,69,16,40,66,59,58,16,13,91,16,13,91,40,2,66,58,75,16,91,75,16,91,40,66,35,46,16,69,68,16,69,68,40,46,60,66,68,27,16,68,27,16,40,61,60,46,24,27,68,24,27,68,40,46,38,61,68,67,24,68,67,24,40,42,62,61,84,86,24,84,86,24,40,61,38,42,24,67,84,24,67,84,40,63,62,42,33,86,84,33,86,84,40,42,30,63,84,60,33,84,60,33,40,77,64,63,59,28,33,59,28,33,40,63,30,77,33,60,59,33,60,59,40,78,64,77,29,28,59,29,28,59,40,77,71,78,59,58,29,59,58,29,40,72,31,34,48,53,52,48,53,52,40,34,65,72,52,45,48,52,45,48,40,1,65,34,46,45,52,46,45,52,40,34,6,1,52,51,46,52,51,46,40,23,82,89,26,0,5,26,0,5,40,89,67,23,5,17,26,5,17,26,40,51,20,21,55,54,57,55,54,57,40,21,70,51,57,64,55,57,64,55,40,31,71,21,53,58,57,53,58,57,40,21,20,31,57,54,53,57,54,53,40,72,78,71,48,29,58,48,29,58,40,71,31,72,58,53,48,58,53,48,40,73,79,78,47,30,29,47,30,29,40,78,72,73,29,48,47,29,48,47,40,90,91,79,42,7,30,42,7,30,40,79,73,90,30,47,42,30,47,42,40,22,84,90,44,40,42,44,40,42,40,90,73,22,42,47,44,42,47,44,40,29,75,74,38,23,8,38,23,8,40,74,26,29,8,39,38,8,39,38,40,91,83,25,7,6,31,7,6,31,40,25,79,91,31,30,7,31,30,7,40,11,84,22,41,40,44,41,40,44,40,22,5,11,44,43,41,44,43,41,40,89,68,37,5,4,79,5,4,79,40,37,85,89,79,76,5,79,76,5,40,12,85,37,77,76,79,77,76,79,40,37,8,12,79,78,77,79,78,77,40,87,24,44,11,10,89,11,10,89,40,44,86,87,89,87,11,89,87,11,40,88,86,44,1,87,89,1,87,89,40,44,40,88,89,2,1,89,2,1,40,91,90,26,7,42,39,7,42,39,40,26,74,91,39,8,7,39,8,7],