{
    "normals":[0.832911,0.552263,0.034791,0.83282,0.552385,0.034791,0.832606,0.552721,0.034791,0.833033,0.55208,0.034761,0.829951,0.556688,0.034822,0.83285,0.552355,0.034791,0.832881,0.552324,0.034791,0.832881,0.552324,0.03473,0.832881,0.552538,0.031648,0.832911,0.552873,0.023286,0.833033,0.55211,0.034608,0.83166,0.554735,-0.023316,0.833125,0.552141,0.031983,0.833277,0.551744,0.034639,0.833186,0.551866,0.034639,0.833216,0.551805,0.034791,0.833094,0.551988,0.03473,0.833338,0.551622,0.034761,0.833308,0.551683,0.034761,0.833186,0.551836,0.034883,0.833613,0.551195,0.034761,0.804804,0.530381,0.266366,0.720511,0.471328,0.50856,0.833155,0.551897,0.035249,0.021577,0.004822,0.999725,0.330912,0.213141,0.919248],
    "uvs":[[0.284646,0.740769,0.284733,0.724355,0.287923,0.721092,0.387854,0.720441,0.497814,0.720516,0.607798,0.720984,0.664584,0.721281,0.692594,0.721449,0.69575,0.724714,0.695505,0.74541,0.693679,0.781827,0.692248,0.80946,0.68873,0.877542,0.686082,0.925033,0.684238,0.954278,0.68084,0.957526,0.660623,0.957579,0.585827,0.95753,0.379209,0.958591,0.286707,0.959428,0.283524,0.956218,0.48252,0.958036,0.283672,0.92479,0.283877,0.886081,0.283938,0.874642,0.284438,0.780082,0.284284,0.809031]],
    "name":"zhongkongpGeometry",
    "metadata":{
        "version":3,
        "type":"Geometry",
        "normals":26,
        "generator":"io_three",
        "uvs":1,
        "vertices":27,
        "faces":25
    },
    "vertices":[-0.050588,0.020831,0.008868,-0.04986,0.019734,0.008861,-0.048871,0.018243,0.008852,-0.048458,0.017621,0.008848,-0.04823,0.017567,0.00426,-0.048095,0.017671,-0.000633,-0.047969,0.017789,-0.005527,-0.047905,0.017852,-0.008054,-0.047874,0.017884,-0.0093,-0.048473,0.018795,-0.00943,-0.049391,0.020174,-0.009349,-0.050087,0.021221,-0.009285,-0.051803,0.023799,-0.009128,-0.052999,0.025598,-0.009011,-0.053736,0.026706,-0.008929,-0.053848,0.026809,-0.007878,-0.053941,0.026739,-0.00455,-0.054083,0.026664,4.7e-05,-0.054226,0.02659,0.004644,-0.054363,0.026537,0.00876,-0.053497,0.025221,0.008895,-0.052237,0.023319,0.008883,-0.048372,0.0175,0.008706,-0.047952,0.018011,-0.009441,-0.053822,0.026826,-0.008777,-0.054286,0.026413,0.008902,-0.052524,0.023753,0.008886],
    "faces":[40,2,3,22,0,1,2,0,1,1,40,22,4,5,2,3,4,1,2,3,40,2,22,5,0,2,4,0,1,3,40,5,6,7,4,5,6,3,4,5,40,7,8,23,6,7,8,5,6,7,40,5,7,23,4,6,8,3,5,7,40,23,9,10,8,9,10,7,8,9,40,23,10,11,8,10,11,7,9,10,40,5,23,11,4,8,11,3,7,10,40,11,12,13,11,12,13,10,11,12,40,13,14,24,13,14,15,12,13,14,40,11,13,24,11,13,15,10,12,14,40,24,15,16,15,16,17,14,15,16,40,11,24,16,11,15,17,10,14,16,40,5,11,16,4,11,17,3,10,16,40,18,19,25,18,19,20,17,18,19,40,17,18,25,21,18,20,20,17,19,40,16,17,25,17,21,20,16,20,19,40,5,16,25,4,17,20,3,16,19,40,25,20,26,20,22,23,19,21,22,40,25,26,21,20,23,24,19,22,23,40,5,25,21,4,20,24,3,19,23,40,2,5,21,0,4,24,0,3,23,40,1,2,21,25,0,24,24,0,23,40,0,1,21,26,25,24,25,24,23]
}