{
    "metadata":{
        "vertices":26,
        "type":"Geometry",
        "faces":12,
        "normals":14,
        "generator":"io_three",
        "uvs":1,
        "version":3
    },
    "vertices":[-0.179856,0.005807,0.067557,-0.178856,0.005807,0.067557,-0.179856,0.005807,0.066557,-0.178856,0.005807,0.066557,-0.179856,0.006807,0.067557,-0.178856,0.006807,0.067557,-0.179856,0.006807,0.066557,-0.178856,0.006807,0.066557,-0.178856,0.006807,0.067557,-0.179856,0.006807,0.067557,-0.179856,0.005807,0.067557,-0.179856,0.005807,0.067557,-0.178856,0.005807,0.067557,-0.178856,0.006807,0.067557,-0.178856,0.006807,0.067557,-0.178856,0.005807,0.066557,-0.179856,0.006807,0.066557,-0.178856,0.006807,0.066557,-0.178856,0.005807,0.066557,-0.178856,0.005807,0.066557,-0.179856,0.005807,0.066557,-0.179856,0.006807,0.066557,-0.179856,0.006807,0.067557,-0.179856,0.005807,0.066557,-0.179856,0.005807,0.066557,-0.179856,0.006807,0.067557],
    "faces":[40,0,3,1,0,1,2,0,1,2,40,0,2,3,0,3,1,0,3,1,40,7,6,4,3,1,2,4,5,6,40,4,5,7,2,0,3,6,7,4,40,8,9,10,3,1,2,8,8,9,40,11,12,13,2,0,3,8,8,9,40,7,14,1,3,1,2,4,10,2,40,1,15,7,2,0,3,2,10,4,40,16,17,18,3,1,2,11,11,12,40,19,20,21,2,0,3,11,11,12,40,22,6,23,3,1,2,13,5,13,40,24,0,25,2,0,3,13,0,13],
    "normals":[-0.707083,-0.707083,0,0,-0.999969,0,0.707083,-0.707083,0,0,-1,0,0.707083,0.707083,0,-0.707083,0.707083,0,0,0.999969,0,0,1,0,0,0,1,0,0,0.999969,1,0,0,0,0,-1,0,0,-0.999969,-1,0,0],
    "name":"Box002Geometry.1",
    "uvs":[[1,0,0,1,0,0,1,1]]
}