{
    "uvs":[[0.061286,0.785808,0.050568,0.835852,0.063617,0.83822,0.069825,0.835795,0.082334,0.830908,0.076032,0.833369,0.088635,0.828446,0.097372,0.817613,0.107369,0.799618,0.106108,0.806781,0.108629,0.792455,0.109801,0.7858,0.106461,0.766026,0.110972,0.779144,0.101949,0.752907,0.091893,0.744135,0.075234,0.73419,0.081837,0.735363,0.068632,0.733016,0.062198,0.731873,0.043126,0.73579,0.055764,0.730729,0.030489,0.740851,0.021729,0.751518,0.010606,0.775917,0.012969,0.762185,0.008242,0.789649,0.010171,0.795276,0.014591,0.808167,0.0121,0.800903,0.017082,0.815431,0.0273,0.824457,0.037519,0.833483,0.060193,0.784302,0.041536,0.733897,0.054384,0.728989,0.061883,0.730242,0.075415,0.732597,0.069382,0.731494,0.081448,0.733701,0.08659,0.738356,0.097036,0.747813,0.091732,0.743012,0.102339,0.752614,0.106815,0.766011,0.108664,0.793638,0.111292,0.779407,0.106036,0.807869,0.10172,0.813121,0.09277,0.824009,0.097403,0.818372,0.088137,0.829645,0.082502,0.831947,0.069978,0.837062,0.076866,0.834248,0.06309,0.839875,0.049483,0.837584,0.030772,0.830848,0.035877,0.835294,0.025667,0.826402,0.020304,0.821731,0.010218,0.803412,0.014942,0.817061,0.005494,0.789763,0.00817,0.775409,0.015345,0.755443,0.010845,0.761054,0.019845,0.749832,0.024267,0.744319,0.028688,0.738805]],
    "metadata":{
        "vertices":70,
        "uvs":1,
        "faces":68,
        "generator":"io_three",
        "normals":70,
        "version":3,
        "type":"Geometry"
    },
    "faces":[40,34,36,7,0,1,2,0,1,2,40,7,37,34,2,3,0,2,3,0,40,38,34,37,4,0,3,4,0,3,40,37,8,38,3,5,4,3,5,4,40,34,38,9,0,4,6,0,4,6,40,9,39,34,6,7,0,6,7,0,40,40,34,39,8,0,7,8,0,7,40,39,10,40,7,9,8,7,9,8,40,34,40,11,0,8,10,0,8,10,40,11,41,34,10,11,0,10,11,0,40,42,34,41,12,0,11,12,0,11,40,41,12,42,11,13,12,11,13,12,40,34,42,21,0,12,14,0,12,14,40,21,43,34,14,15,0,14,15,0,40,44,34,43,16,0,15,16,0,15,40,43,13,44,15,17,16,15,17,16,40,34,44,14,0,16,18,0,16,18,40,14,45,34,18,19,0,18,19,0,40,46,34,45,20,0,19,20,0,19,40,45,15,46,19,21,20,19,21,20,40,34,46,16,0,20,22,0,20,22,40,16,47,34,22,23,0,22,23,0,40,48,34,47,24,0,23,24,0,23,40,47,17,48,23,25,24,23,25,24,40,34,48,18,0,24,26,0,24,26,40,18,49,34,26,27,0,26,27,0,40,50,34,49,28,0,27,28,0,27,40,49,19,50,27,29,28,27,29,28,40,34,50,20,0,28,30,0,28,30,40,20,51,34,30,31,0,30,31,0,40,36,34,51,1,0,31,1,0,31,40,51,6,36,31,32,1,31,32,1,40,35,52,22,33,34,35,33,34,35,40,22,65,35,35,36,33,35,36,33,40,64,35,65,37,33,36,37,33,36,40,65,31,64,36,38,37,36,38,37,40,35,64,3,33,37,39,33,37,39,40,3,63,35,39,40,33,39,40,33,40,67,35,63,41,33,40,41,33,40,40,63,30,67,40,42,41,40,42,41,40,35,67,5,33,41,43,33,41,43,40,5,66,35,43,44,33,43,44,33,40,62,35,66,45,33,44,45,33,44,40,66,4,62,44,46,45,44,46,45,40,35,62,2,33,45,47,33,45,47,40,2,61,35,47,48,33,47,48,33,40,60,35,61,49,33,48,49,33,48,40,61,29,60,48,50,49,48,50,49,40,35,60,1,33,49,51,33,49,51,40,1,59,35,51,52,33,51,52,33,40,58,35,59,53,33,52,53,33,52,40,59,28,58,52,54,53,52,54,53,40,35,58,27,33,53,55,33,53,55,40,27,57,35,55,56,33,55,56,33,40,69,35,57,57,33,56,57,33,56,40,57,26,69,56,58,57,56,58,57,40,35,69,33,33,57,59,33,57,59,40,33,56,35,59,60,33,59,60,33,40,55,35,56,61,33,60,61,33,60,40,56,25,55,60,62,61,60,62,61,40,0,35,55,63,33,61,63,33,61,40,0,54,35,63,64,33,63,64,33,40,68,35,54,65,33,64,65,33,64,40,54,24,68,64,66,65,64,66,65,40,35,68,32,33,65,67,33,65,67,40,32,53,35,67,68,33,67,68,33,40,52,35,53,34,33,68,34,33,68,40,53,23,52,68,69,34,68,69,34],
    "normals":[0.009949,0.999847,0.012146,0.013703,0.999603,0.024445,0.009552,0.999695,0.021943,0.009735,0.999817,0.015748,0.009522,0.999817,0.015351,-0.965148,0,0.261666,0.009674,0.999817,0.01532,0.009857,0.999817,0.015503,0.010132,0.999817,0.015595,0.010498,0.999817,0.01474,0.00473,0.999878,0.014466,0.000641,0.999908,0.012635,0.002289,0.999908,0.01294,0.001129,0.999969,0.006958,0.00473,0.999908,0.011902,0.006623,0.999908,0.00998,0.007172,0.999939,0.007996,0.000763,0.999969,0.005036,0.008515,0.999939,0.006745,0.008789,0.999908,0.006836,0.008698,0.999908,0.007385,0.010743,0.999908,0.006989,0.008881,0.999908,0.008026,0.009095,0.999908,0.008484,0.009003,0.999908,0.008423,0.00882,0.999908,0.00882,0.007508,0.999908,0.008332,0.012482,0.999908,0.002197,0.029725,0.999542,0.000214,-0.260872,-0.00238,-0.965361,0.028657,0.999542,0.006653,0.01886,0.999664,0.016236,0.045625,0.99823,0.037629,-0.245766,0.969237,0.011139,-0.230842,0.972777,-0.019013,-0.228187,0.973571,-0.006928,-0.224311,0.974425,0.012513,-0.220496,0.975036,0.025178,0.965758,0.0094,-0.259224,-0.218451,0.975066,0.03882,-0.213202,0.97589,0.046449,-0.211158,0.976226,0.048677,0.708884,-0.010956,-0.705222,-0.232887,0.971801,0.036744,-0.255348,0.966552,0.023072,-0.255318,0.966552,0.023072,-0.255318,0.966552,0.022889,-0.254555,0.966765,0.022614,-0.253822,0.966979,0.021912,-0.253487,0.967071,0.021638,-0.724418,-0.021027,-0.689016,-0.253029,0.967193,0.021058,-0.252571,0.967315,0.021393,-0.253029,0.967162,0.022828,0.963897,0.02356,0.265175,-0.253517,0.967071,0.021638,-0.258003,0.965972,0.016327,-0.268746,0.963164,0.004944,-0.310007,0.950072,0.035249,-0.26957,0.962951,-0.007111,-0.266762,0.963713,-0.006928,-0.264138,0.964446,-0.004517,-0.259743,0.965514,-0.017212,-0.258003,0.966124,-0.003479,-0.248268,0.968627,-0.009064,-0.234291,0.971892,-0.022156,-0.27073,0.959593,-0.076571,-0.228767,0.973357,-0.013581,-0.238014,0.97116,-0.011719,-0.26371,0.96411,-0.030152],
    "name":"gaobeituoGeometry",
    "vertices":[-0.00878,-0.006723,-0.004676,-0.004445,-0.005622,0.003027,-0.006228,-0.006132,0.004919,-0.013095,-0.007766,0.003059,-0.008726,-0.006809,0.005631,-0.011207,-0.007448,0.004952,-0.034963,-0.009342,-0.008045,-0.035451,-0.009387,-0.00627,-0.035212,-0.009403,-0.005389,-0.03497,-0.009419,-0.004494,-0.033652,-0.009453,-0.003178,-0.03272,-0.009466,-0.002931,-0.031854,-0.009469,-0.002701,-0.028761,-0.009462,-0.004486,-0.028518,-0.009457,-0.005384,-0.02828,-0.009454,-0.00626,-0.028782,-0.009436,-0.008055,-0.030078,-0.009413,-0.009373,-0.031865,-0.009393,-0.009839,-0.032636,-0.00939,-0.009631,-0.033632,-0.009354,-0.009362,-0.030057,-0.009467,-0.003189,-0.013757,-0.00787,0.000587,-0.013127,-0.007782,-0.002115,-0.0113,-0.007379,-0.003986,-0.00625,-0.00603,-0.003986,-0.004425,-0.005505,-0.002084,-0.003763,-0.005386,0.000524,-0.004138,-0.005517,0.001901,-0.005368,-0.005885,0.004007,-0.012165,-0.007606,0.003991,-0.013404,-0.007799,0.001904,-0.012221,-0.007564,-0.003042,-0.005315,-0.005761,-0.003011,-0.031964,-0.009423,-0.006162,-0.008762,-0.006699,0.000645,-0.035207,-0.009365,-0.007158,-0.035332,-0.009395,-0.005829,-0.035091,-0.009411,-0.004942,-0.034311,-0.009436,-0.003836,-0.033186,-0.009459,-0.003055,-0.032287,-0.009467,-0.002816,-0.030956,-0.009468,-0.002945,-0.029409,-0.009465,-0.003837,-0.028639,-0.00946,-0.004935,-0.028399,-0.009456,-0.005822,-0.028531,-0.009445,-0.007157,-0.02943,-0.009424,-0.008714,-0.030972,-0.009403,-0.009606,-0.032251,-0.009391,-0.009735,-0.033134,-0.009372,-0.009497,-0.034297,-0.009348,-0.008704,-0.013442,-0.007826,-0.000764,-0.012674,-0.007673,-0.002579,-0.01004,-0.007051,-0.004331,-0.007515,-0.006377,-0.004331,-0.005782,-0.005896,-0.003498,-0.004094,-0.005446,-0.00078,-0.00395,-0.005452,0.001213,-0.004292,-0.00557,0.002464,-0.004907,-0.005753,0.003517,-0.005798,-0.006009,0.004463,-0.007477,-0.00647,0.005275,-0.01263,-0.007686,0.003525,-0.01325,-0.007782,0.002482,-0.013581,-0.007835,0.001245,-0.009966,-0.007128,0.005291,-0.011686,-0.007527,0.004472,-0.011761,-0.007471,-0.003514,-0.00487,-0.005633,-0.002547]
}