{
    "normals":[0.969024,0.242592,-0.045839,0.951689,0.284158,-0.116306,0.970977,0.238716,-0.012787,0.966948,0.252785,-0.032411,0.973754,0.227119,-0.012665,0.981231,0.192724,-0.001495,0.979217,0.202704,0.000977,0.964934,0.262368,0,0.981903,0.189306,3.1e-05,0.981231,0.192724,0.001495,0.974425,0.224555,0.003479,0.966948,0.252785,0.032411,0.974883,0.222449,0.009522,0.951628,0.284341,0.116306,0.968841,0.244575,0.038423,0.956145,0.261391,0.132054,0.966826,0.246406,0.066836,0.965178,0.243049,0.096347,0.968841,0.247139,0.014679,0.95877,0.279763,-0.049287,0.972869,0.224403,0.056185,0.942534,0.333171,-0.024659,0.961394,0.275094,0.003479,0.954558,0.297983,0.002655,0.950896,0.309488,0,0.954588,0.2978,-0.002655,0.965239,0.261269,-0.00473,0.942595,0.332987,0.024659,0.972869,0.224372,-0.056185,0.9588,0.279733,0.049287,0.969329,0.242775,-0.037416,0.965209,0.243049,-0.096347,0.967284,0.246803,-0.058443,0.956175,0.261269,-0.132054],
    "uvs":[[0.998625,0.475496,0.998915,0.477167,0.99925,0.479985,0.999564,0.483663,0.999789,0.488302,0.999928,0.492942,0.999979,0.496647,1,0.5,0.999979,0.503353,0.999928,0.507058,0.999789,0.511697,0.999564,0.516337,0.99925,0.520015,0.998915,0.522833,0.998625,0.524504,0.998353,0.525567,0.997934,0.526401,0.997553,0.52648,0.99696,0.525628,0.996345,0.523174,0.995876,0.519567,0.995305,0.514638,0.995024,0.510072,0.994839,0.505128,0.994772,0.5,0.994839,0.494872,0.995024,0.489928,0.995305,0.485362,0.995876,0.480433,0.996345,0.476826,0.99696,0.474372,0.997553,0.47352,0.997934,0.473598,0.998353,0.474433]],
    "name":"houbiaoheiGeometry",
    "metadata":{
        "version":3,
        "type":"Geometry",
        "normals":34,
        "generator":"io_three",
        "uvs":1,
        "vertices":34,
        "faces":32
    },
    "vertices":[0.224669,0.020859,0.002522,0.224486,0.021605,0.002668,0.224789,0.020329,0.002336,0.224915,0.019784,0.002043,0.225062,0.01909,0.001549,0.2252,0.018481,0.000904,0.225299,0.018,9e-05,0.22536,0.017683,-0.000723,0.225382,0.017565,-0.001373,0.225391,0.017531,-0.001961,0.224319,0.022274,0.002682,0.224059,0.023247,0.002533,0.223789,0.024247,0.002102,0.223584,0.025062,0.00147,0.223333,0.025835,0.000606,0.22321,0.026242,-0.000195,0.22313,0.026494,-0.001062,0.2231,0.02658,-0.001961,0.22536,0.017683,-0.003198,0.225382,0.017565,-0.002549,0.225299,0.018,-0.004012,0.2252,0.018481,-0.004825,0.225062,0.01909,-0.00547,0.224915,0.019784,-0.005964,0.224789,0.020329,-0.006257,0.224669,0.020859,-0.006444,0.224486,0.021605,-0.00659,0.224319,0.022274,-0.006604,0.223789,0.024247,-0.006024,0.224059,0.023247,-0.006455,0.223584,0.025062,-0.005392,0.223333,0.025835,-0.004528,0.22321,0.026242,-0.003727,0.22313,0.026494,-0.00286],
    "faces":[40,2,3,4,0,1,2,0,1,2,40,4,5,6,2,3,4,2,3,4,40,6,7,8,4,5,6,4,5,6,40,4,6,8,2,4,6,2,4,6,40,8,9,19,6,7,8,6,7,8,40,19,18,20,8,9,10,8,9,10,40,8,19,20,6,8,10,6,8,10,40,4,8,20,2,6,10,2,6,10,40,20,21,22,10,11,12,10,11,12,40,22,23,24,12,13,14,12,13,14,40,20,22,24,10,12,14,10,12,14,40,24,25,26,14,15,16,14,15,16,40,26,27,29,16,17,18,16,17,18,40,24,26,29,14,16,18,14,16,18,40,20,24,29,10,14,18,10,14,18,40,4,20,29,2,10,18,2,10,18,40,29,28,30,18,19,20,18,19,20,40,30,31,32,20,21,22,20,21,22,40,29,30,32,18,20,22,18,20,22,40,32,33,17,22,23,24,22,23,24,40,17,16,15,24,25,26,24,25,26,40,32,17,15,22,24,26,22,24,26,40,29,32,15,18,22,26,18,22,26,40,4,29,15,2,18,26,2,18,26,40,15,14,13,26,27,28,26,27,28,40,13,12,11,28,29,30,28,29,30,40,15,13,11,26,28,30,26,28,30,40,4,15,11,2,26,30,2,26,30,40,11,10,1,30,31,32,30,31,32,40,4,11,1,2,30,32,2,30,32,40,2,4,1,0,2,32,0,2,32,40,0,2,1,33,0,32,33,0,32]
}