{
    "uvs":[[0.191558,0.012226,0.191674,0.012521,0.190539,0.012696,0.190322,0.012416,0.189409,0.012621,0.189717,0.012896,0.190025,0.01317,0.189363,0.013459,0.189019,0.013161,0.188705,0.013811,0.18834,0.013513,0.22823,0.022945,0.227704,0.022913,0.227481,0.02122,0.228008,0.021245,0.227805,0.019754,0.227277,0.019735,0.227111,0.018668,0.22764,0.018681,0.227493,0.017817,0.226964,0.017808,0.2271,0.016049,0.226576,0.016063,0.226144,0.015126,0.226654,0.015064,0.226148,0.014182,0.225648,0.014275,0.225212,0.01365,0.225722,0.013588,0.225164,0.013089,0.224706,0.013145,0.223997,0.012653,0.224263,0.01249,0.223217,0.012002,0.223154,0.012285,0.217415,0.012367,0.215136,0.012317,0.214948,0.012054,0.217283,0.012086,0.212779,0.012283,0.212579,0.012017,0.212379,0.01175,0.210397,0.011974,0.210277,0.011662,0.20816,0.011591,0.208185,0.01195,0.19507,0.011869,0.195081,0.012174,0.19331,0.012329,0.193262,0.012028,0.184904,0.016041,0.185425,0.016055,0.184878,0.016771,0.184349,0.01677,0.183852,0.017456,0.184381,0.017458,0.182822,0.019011,0.183351,0.019014,0.182746,0.020245,0.182217,0.020241,0.181577,0.021652,0.182105,0.021657,0.187263,0.014679,0.186799,0.014555,0.187578,0.013971,0.187989,0.014194,0.185947,0.016069,0.186074,0.015283,0.186574,0.015338,0.203147,0.011663,0.203144,0.01201,0.200585,0.012049,0.200587,0.011717,0.19832,0.011763,0.198319,0.012083,0.205722,0.011969,0.205727,0.011606,0.196617,0.012109,0.196619,0.011798,0.221007,0.011828,0.222226,0.011835,0.222245,0.012154,0.221053,0.012138,0.217151,0.011804,0.219275,0.011817,0.219358,0.012114,0.226436,0.017799,0.226289,0.016944,0.226818,0.016948,0.226052,0.016077,0.184909,0.01746,0.184412,0.018149,0.183883,0.018146,0.183879,0.019018,0.191789,0.012815,0.190756,0.012975,0.187976,0.013215,0.188675,0.012863,0.227178,0.022881,0.226954,0.021195,0.226749,0.019717,0.226583,0.018654,0.225635,0.015188,0.225148,0.014368,0.224703,0.013712,0.224248,0.013201,0.223731,0.012816,0.223091,0.012569,0.214761,0.01179,0.210517,0.012286,0.20821,0.012308,0.195091,0.012479,0.193358,0.012631,0.185406,0.016772,0.183275,0.02025,0.182634,0.021662,0.186336,0.014432,0.187166,0.013749,0.185574,0.015229,0.20314,0.012357,0.200583,0.012382,0.198318,0.012404,0.205717,0.012332,0.196616,0.01242,0.222264,0.012473,0.221098,0.012448,0.219442,0.012412,0.227346,0.016953,0.183355,0.018143]],
    "metadata":{
        "vertices":129,
        "uvs":1,
        "faces":168,
        "generator":"io_three",
        "normals":129,
        "version":3,
        "type":"Geometry"
    },
    "faces":[40,47,9,66,0,1,2,0,1,2,40,66,119,47,2,3,0,2,3,0,40,56,119,66,4,3,2,4,3,2,40,66,0,56,2,5,4,2,5,4,40,30,120,67,6,7,8,6,7,8,40,67,0,30,8,5,6,8,5,6,40,120,57,17,7,9,10,7,9,10,40,17,67,120,10,8,7,10,8,7,40,38,1,68,11,12,13,11,12,13,40,68,87,38,13,14,11,13,14,11,40,23,87,68,15,14,13,15,14,13,40,68,2,23,13,16,15,13,16,15,40,23,2,69,15,16,17,15,16,17,40,69,88,23,17,18,15,17,18,15,40,62,88,69,19,18,17,19,18,17,40,69,20,62,17,20,19,17,20,19,40,24,3,70,21,22,23,21,22,23,40,70,89,24,23,24,21,23,24,21,40,41,89,70,25,24,23,25,24,23,40,70,4,41,23,26,25,23,26,25,40,41,4,71,25,26,27,25,26,27,40,71,90,41,27,28,25,27,28,25,40,26,90,71,29,28,27,29,28,27,40,71,5,26,27,30,29,27,30,29,40,26,5,72,29,30,31,29,30,31,40,72,91,26,31,32,29,31,32,29,40,27,91,72,33,32,31,33,32,31,40,72,6,27,31,34,33,31,34,33,40,61,124,73,35,36,37,35,36,37,40,73,19,61,37,38,35,37,38,35,40,124,44,7,36,39,40,36,39,40,40,7,73,124,40,37,36,40,37,36,40,45,7,74,41,40,42,41,40,42,40,74,93,45,42,43,41,42,43,41,40,53,93,74,44,43,42,44,43,42,40,74,15,53,42,45,44,42,45,44,40,46,8,75,46,47,48,46,47,48,40,75,94,46,48,49,46,48,49,46,40,9,47,94,1,0,49,1,0,49,40,94,75,9,49,48,1,49,48,1,40,31,10,76,50,51,52,50,51,52,40,76,95,31,52,53,50,52,53,50,40,63,95,76,54,53,52,54,53,52,40,76,21,63,52,55,54,52,55,54,40,32,11,77,56,57,58,56,57,58,40,77,96,32,58,59,56,58,59,56,40,33,96,77,60,59,58,60,59,58,40,77,12,33,58,61,60,58,61,60,40,34,13,78,62,63,64,62,63,64,40,78,97,34,64,65,62,64,65,62,40,17,57,97,10,9,65,10,9,65,40,97,78,17,65,64,10,65,64,10,40,48,10,79,66,51,67,66,51,67,40,79,98,48,67,68,66,67,68,66,40,13,34,98,63,62,68,63,62,68,40,98,79,13,68,67,63,68,67,63,40,35,14,80,69,70,71,69,70,71,40,80,99,35,71,72,69,71,72,69,40,37,99,80,73,72,71,73,72,71,40,80,16,37,71,74,73,71,74,73,40,53,15,81,44,45,75,44,45,75,40,81,100,53,75,76,44,75,76,44,40,14,35,100,70,69,76,70,69,76,40,100,81,14,76,75,70,76,75,70,40,37,16,82,73,74,77,73,74,77,40,82,101,37,77,78,73,77,78,73,40,8,46,101,47,46,78,47,46,78,40,101,82,8,78,77,47,78,77,47,40,58,92,83,79,80,81,79,80,81,40,83,18,58,81,82,79,81,82,79,40,27,6,83,33,34,81,33,34,81,40,83,92,27,81,80,33,81,80,33,40,60,121,84,83,84,85,83,84,85,40,84,19,60,85,38,83,85,38,83,40,121,58,18,84,79,82,84,79,82,40,18,84,121,82,85,84,82,85,84,40,64,127,85,86,87,88,86,87,88,40,85,20,64,88,20,86,88,20,86,40,127,40,3,87,89,22,87,89,22,40,3,85,127,22,88,87,22,88,87,40,65,128,86,90,91,92,90,91,92,40,86,21,65,92,55,90,92,55,90,40,128,49,11,91,93,57,91,93,57,40,11,86,128,57,92,91,57,92,91,40,9,29,110,1,94,95,1,94,95,40,110,66,9,95,2,1,95,2,1,40,0,66,110,5,2,95,5,2,95,40,0,110,30,5,95,6,5,95,6,40,17,55,118,10,96,97,10,96,97,40,118,67,17,97,8,10,97,8,10,40,56,0,67,4,5,8,4,5,8,40,67,118,56,8,97,4,8,97,4,40,1,22,102,12,98,99,12,98,99,40,102,68,1,99,13,12,99,13,12,40,2,68,102,16,13,99,16,13,99,40,102,39,2,99,100,16,99,100,16,40,2,39,103,16,100,101,16,100,101,40,103,69,2,101,17,16,101,17,16,40,20,69,103,20,17,101,20,17,101,40,103,64,20,101,86,20,101,86,20,40,3,40,104,22,89,102,22,89,102,40,104,70,3,102,23,22,102,23,22,40,4,70,104,26,23,102,26,23,102,40,104,25,4,102,103,26,102,103,26,40,4,25,105,26,103,104,26,103,104,40,105,71,4,104,27,26,104,27,26,40,5,71,105,30,27,104,30,27,104,40,105,42,5,104,105,30,104,105,30,40,5,42,106,30,105,106,30,105,106,40,106,72,5,106,31,30,106,31,30,40,6,72,106,34,31,106,34,31,106,40,106,43,6,106,107,34,106,107,34,40,7,45,123,40,41,108,40,41,108,40,123,73,7,108,37,40,108,37,40,40,19,73,123,38,37,108,38,37,108,40,123,60,19,108,83,38,108,83,38,40,7,44,108,40,39,109,40,39,109,40,108,74,7,109,42,40,109,42,40,40,15,74,108,45,42,109,45,42,109,40,108,36,15,109,110,45,109,110,45,40,8,28,109,47,111,112,47,111,112,40,109,75,8,112,48,47,112,48,47,40,29,9,75,94,1,48,94,1,48,40,75,109,29,48,112,94,48,112,94,40,10,48,111,51,66,113,51,66,113,40,111,76,10,113,52,51,113,52,51,40,21,76,111,55,52,113,55,52,113,40,111,65,21,113,90,55,113,90,55,40,11,49,112,57,93,114,57,93,114,40,112,77,11,114,58,57,114,58,57,40,12,77,112,61,58,114,61,58,114,40,112,50,12,114,115,61,114,115,61,40,13,51,117,63,116,117,63,116,117,40,117,78,13,117,64,63,117,64,63,40,55,17,78,96,10,64,96,10,64,40,78,117,55,64,117,96,64,117,96,40,10,31,113,51,50,118,51,50,118,40,113,79,10,118,67,51,118,67,51,40,51,13,79,116,63,67,116,63,67,40,79,113,51,67,118,116,67,118,116,40,14,52,114,70,119,120,70,119,120,40,114,80,14,120,71,70,120,71,70,40,16,80,114,74,71,120,74,71,120,40,114,54,16,120,121,74,120,121,74,40,15,36,115,45,110,122,45,110,122,40,115,81,15,122,75,45,122,75,45,40,52,14,81,119,70,75,119,70,75,40,81,115,52,75,122,119,75,122,119,40,16,54,116,74,121,123,74,121,123,40,116,82,16,123,77,74,123,77,74,40,28,8,82,111,47,77,111,47,77,40,82,116,28,77,123,111,77,123,111,40,6,43,107,34,107,124,34,107,124,40,107,83,6,124,81,34,124,81,34,40,18,83,107,82,81,124,82,81,124,40,107,59,18,124,125,82,124,125,82,40,18,59,122,82,125,126,82,125,126,40,122,84,18,126,85,82,126,85,82,40,19,84,122,38,85,126,38,85,126,40,122,61,19,126,35,38,126,35,38,40,3,24,125,22,21,127,22,21,127,40,125,85,3,127,88,22,127,88,22,40,62,20,85,19,20,88,19,20,88,40,85,125,62,88,127,19,88,127,19,40,11,32,126,57,56,128,57,56,128,40,126,86,11,128,92,57,128,92,57,40,63,21,86,54,55,92,54,55,92,40,86,126,63,92,128,54,92,128,54],