{
    "uvs":[[0.153674,0.863908,0.145192,0.863935,0.147758,0.853632,0.155695,0.853584,0.162634,0.863879,0.164174,0.853568,0.16104,0.874567,0.15158,0.874666,0.14264,0.874758,0.147834,0.894284,0.146771,0.900008,0.137996,0.899298,0.138835,0.894093,0.148928,0.888445,0.139782,0.88861,0.15902,0.888201,0.158169,0.894241,0.157335,0.900279,0.210295,0.890749,0.205944,0.89076,0.211907,0.886679,0.20419,0.896705,0.208683,0.894819,0.198166,0.898398,0.197973,0.892467,0.204825,0.886498,0.19707,0.887035,0.211765,0.885376,0.199611,0.864008,0.196509,0.853921,0.201722,0.854163,0.206008,0.864071,0.202448,0.874473,0.209724,0.874511,0.19509,0.874436,0.19323,0.863946,0.19133,0.853722,0.150088,0.882375,0.140943,0.882574,0.159906,0.882159,0.203923,0.881519,0.19624,0.881578,0.211341,0.881466,0.156968,0.847177,0.149498,0.847375,0.150825,0.843142,0.157866,0.842728,0.165146,0.84711,0.165834,0.842578,0.194244,0.848007,0.190055,0.847382,0.189093,0.842983,0.192396,0.844179,0.198398,0.848801,0.195555,0.845714,0.132511,0.89343,0.132798,0.897708,0.127524,0.892531,0.129389,0.895679,0.126216,0.888546,0.132526,0.888617,0.133147,0.882738,0.126023,0.882885,0.127353,0.87491,0.134737,0.874837,0.137663,0.86396,0.130611,0.863983,0.134596,0.853894,0.140906,0.853746,0.143447,0.847838,0.138105,0.848432,0.141376,0.845283,0.145638,0.844081,0.188725,0.893483,0.18908,0.899705,0.178727,0.893996,0.178476,0.900474,0.178973,0.887699,0.188373,0.887413,0.188024,0.881649,0.179208,0.881761,0.179495,0.874402,0.187565,0.874402,0.186884,0.863884,0.179896,0.863844,0.180284,0.85356,0.186215,0.853609,0.185797,0.847095,0.180532,0.847023,0.180711,0.84236,0.185503,0.842461,0.171594,0.86385,0.172654,0.853553,0.170499,0.874468,0.168504,0.894197,0.169112,0.887957,0.167899,0.900549,0.169724,0.881942,0.173325,0.847044,0.173802,0.842427]],
    "metadata":{
        "vertices":100,
        "uvs":1,
        "faces":161,
        "generator":"io_three",
        "normals":100,
        "version":3,
        "type":"Geometry"
    },
    "faces":[40,30,65,5,0,1,2,0,1,2,40,5,64,30,2,3,0,2,3,0,40,77,30,64,4,0,3,4,0,3,40,64,11,77,3,5,4,3,5,4,40,30,77,9,0,4,6,0,4,6,40,9,74,30,6,7,0,6,7,0,40,65,30,74,1,0,7,1,0,7,40,74,4,65,7,8,1,7,8,1,40,31,99,22,9,10,11,9,10,11,40,22,61,31,11,12,9,11,12,9,40,60,31,61,13,9,12,13,9,12,40,61,3,60,12,14,13,12,14,13,40,31,60,10,9,13,15,9,13,15,40,10,78,31,15,16,9,15,16,9,40,99,31,78,10,9,16,10,9,16,40,78,29,99,16,17,10,16,17,10,40,88,32,87,18,19,20,18,19,20,40,89,32,88,21,19,18,21,19,18,40,88,19,89,18,22,21,18,22,21,40,32,89,20,19,21,23,19,21,23,40,20,68,32,23,24,19,23,24,19,40,67,32,68,25,19,24,25,19,24,40,68,6,67,24,26,25,24,26,25,40,32,67,18,19,25,27,19,25,27,40,18,87,32,27,20,19,27,20,19,40,33,71,16,28,29,30,28,29,30,40,16,85,33,30,31,28,30,31,28,40,53,33,85,32,28,31,32,28,31,40,85,17,53,31,33,32,31,33,32,40,33,53,7,28,32,34,28,32,34,40,7,72,33,34,35,28,34,35,28,40,71,33,72,29,28,35,29,28,35,40,72,8,71,35,36,29,35,36,29,40,34,63,4,37,38,8,37,38,8,40,4,74,34,8,7,37,8,7,37,40,79,34,74,39,37,7,39,37,7,40,74,9,79,7,6,39,7,6,39,40,34,79,10,37,39,15,37,39,15,40,10,60,34,15,13,37,15,13,37,40,63,34,60,38,37,13,38,37,13,40,60,3,63,13,14,38,13,14,38,40,35,70,7,40,41,34,40,41,34,40,7,53,35,34,32,40,34,32,40,40,86,35,53,42,40,32,42,40,32,40,53,17,86,32,33,42,32,33,42,40,35,86,18,40,42,27,40,42,27,40,18,67,35,27,25,40,27,25,40,40,70,35,67,41,40,25,41,40,25,40,67,6,70,25,26,41,25,26,41,40,36,66,12,43,44,45,43,44,45,40,12,81,36,45,46,43,45,46,43,40,80,36,81,47,43,46,47,43,46,40,81,28,80,46,48,47,46,48,47,40,36,80,11,43,47,5,43,47,5,40,11,64,36,5,3,43,5,3,43,40,66,36,64,44,43,3,44,43,3,40,64,5,66,3,2,44,3,2,44,40,37,73,14,49,50,51,49,50,51,40,14,83,37,51,52,49,51,52,49,40,84,37,83,53,49,52,53,49,52,40,83,15,84,52,54,53,52,54,53,40,37,84,16,49,53,30,49,53,30,40,16,71,37,30,29,49,30,29,49,40,73,37,71,50,49,29,50,49,29,40,71,8,73,29,36,50,29,36,50,40,38,61,22,55,12,11,55,12,11,40,22,92,38,11,56,55,11,56,55,40,93,38,92,57,55,56,57,55,56,40,92,23,93,56,58,57,56,58,57,40,38,93,24,55,57,59,55,57,59,40,24,55,38,59,60,55,59,60,55,40,61,38,55,12,55,60,12,55,60,40,55,3,61,60,14,12,60,14,12,40,39,63,3,61,38,14,61,38,14,40,3,55,39,14,60,61,14,60,61,40,94,39,55,62,61,60,62,61,60,40,55,24,94,60,59,62,60,59,62,40,39,94,25,61,62,63,61,62,63,40,25,62,39,63,64,61,63,64,61,40,63,39,62,38,61,64,38,61,64,40,62,4,63,64,8,38,64,8,38,40,40,65,4,65,1,8,65,1,8,40,4,62,40,8,64,65,8,64,65,40,95,40,62,66,65,64,66,65,64,40,62,25,95,64,63,66,64,63,66,40,40,95,26,65,66,67,65,66,67,40,26,58,40,67,68,65,67,68,65,40,65,40,58,1,65,68,1,65,68,40,58,5,65,68,2,1,68,2,1,40,41,66,5,69,44,2,69,44,2,40,5,58,41,2,68,69,2,68,69,40,96,41,58,70,69,68,70,69,68,40,58,26,96,68,67,70,68,67,70,40,41,96,27,69,70,71,69,70,71,40,27,97,41,71,72,69,71,72,69,40,66,41,97,44,69,72,44,69,72,40,97,12,66,72,45,44,72,45,44,40,42,68,20,73,24,23,73,24,23,40,20,90,42,23,74,73,23,74,73,40,52,42,90,75,73,74,75,73,74,40,90,21,52,74,76,75,74,76,75,40,42,52,1,73,75,77,73,75,77,40,1,56,42,77,78,73,77,78,73,40,68,42,56,24,73,78,24,73,78,40,56,6,68,78,26,24,78,26,24,40,43,70,6,79,41,26,79,41,26,40,6,56,43,26,78,79,26,78,79,40,54,43,56,80,79,78,80,79,78,40,56,1,54,78,77,80,78,77,80,40,0,43,54,81,79,80,81,79,80,40,0,69,43,81,82,79,81,82,79,40,70,43,69,41,79,82,41,79,82,40,69,7,70,82,34,41,82,34,41,40,44,72,7,83,35,34,83,35,34,40,7,69,44,34,82,83,34,82,83,40,50,44,69,84,83,82,84,83,82,40,69,0,50,82,81,84,82,81,84,40,44,50,2,83,84,85,83,84,85,40,2,59,44,85,86,83,85,86,83,40,72,44,59,35,83,86,35,83,86,40,59,8,72,86,36,35,86,36,35,40,45,73,8,87,50,36,87,50,36,40,8,59,45,36,86,87,36,86,87,40,57,45,59,88,87,86,88,87,86,40,59,2,57,86,85,88,86,85,88,40,45,57,13,87,88,89,87,88,89,40,13,82,45,89,90,87,89,90,87,40,73,45,82,50,87,90,50,87,90,40,82,14,73,90,51,50,90,51,50,40,46,77,11,91,4,5,91,4,5,40,11,76,46,5,92,91,5,92,91,40,50,46,76,84,91,92,84,91,92,40,76,2,50,92,85,84,92,85,84,40,0,46,50,81,91,84,81,91,84,40,0,51,46,81,93,91,81,93,91,40,77,46,51,4,91,93,4,91,93,40,51,9,77,93,6,4,93,6,4,40,47,78,10,94,16,15,94,16,15,40,10,75,47,15,95,94,15,95,94,40,52,47,75,75,94,95,75,94,95,40,75,1,52,95,77,75,95,77,75,40,47,52,21,94,75,76,94,75,76,40,21,91,47,76,96,94,76,96,94,40,78,47,91,16,94,96,16,94,96,40,91,29,78,96,17,16,96,17,16,40,48,79,9,97,39,6,97,39,6,40,9,51,48,6,93,97,6,93,97,40,54,48,51,80,97,93,80,97,93,40,51,0,54,93,81,80,93,81,80,40,48,54,1,97,80,77,97,80,77,40,1,75,48,77,95,97,77,95,97,40,79,48,75,39,97,95,39,97,95,40,75,10,79,95,15,39,95,15,39,40,49,80,28,98,47,48,98,47,48,40,28,98,49,48,99,98,48,99,98,40,57,49,98,88,98,99,88,98,99,40,98,13,57,99,89,88,99,89,88,40,49,57,2,98,88,85,98,88,85,40,2,76,49,85,92,98,85,92,98,40,80,49,76,47,98,92,47,98,92,40,76,11,80,92,5,47,92,5,47],