{
    "vertices":[0.210344,0.015093,0.06517,0.211994,0.015093,0.062048,0.213472,0.015093,0.05882,0.210757,0.013311,0.065214,0.212476,0.013284,0.061926,0.214007,0.013257,0.058548,0.211052,0.011764,0.065252,0.212822,0.011731,0.061821,0.214395,0.011696,0.058303,0.211252,0.010536,0.065282,0.213063,0.01045,0.061735,0.214677,0.010362,0.058083,0.212745,0.015093,0.058391,0.213278,0.013257,0.058119,0.213663,0.011696,0.057875,0.213472,0.015093,0.05882,0.214007,0.013257,0.058548,0.214395,0.011696,0.058303,0.214677,0.010362,0.058083,0.213945,0.010362,0.057654,0.210602,0.009983,0.066611,0.211008,0.00965,0.065981,0.211394,0.009501,0.065307,0.213259,0.009143,0.061647,0.214924,0.008936,0.057845,0.210199,0.010581,0.067139,0.209883,0.011784,0.067287,0.209501,0.013328,0.067358,0.209035,0.015093,0.067407,0.208795,0.016284,0.067239,0.208856,0.016775,0.066888,0.209076,0.017112,0.066344,0.209401,0.017334,0.065679,0.209695,0.017439,0.065113,0.211207,0.017563,0.062215,0.212644,0.01755,0.059166,0.208876,0.015735,0.06737,0.214924,0.008936,0.057845,0.212644,0.01755,0.059166,0.214191,0.008936,0.057416,0.211921,0.01755,0.058738,0.209401,0.017334,-0.0696,0.209076,0.017112,-0.070266,0.208856,0.016775,-0.07081,0.208795,0.016284,-0.07116,0.208876,0.015735,-0.071292,0.209035,0.015093,-0.071329,0.210344,0.015093,-0.069092,0.209695,0.017439,-0.069035,0.211994,0.015093,-0.06597,0.211207,0.017563,-0.066137,0.213472,0.015093,-0.062741,0.212644,0.01755,-0.063088,0.209501,0.013328,-0.07128,0.210757,0.013311,-0.069136,0.212476,0.013284,-0.065848,0.214007,0.013257,-0.062469,0.209883,0.011784,-0.071209,0.211052,0.011764,-0.069174,0.212822,0.011731,-0.065743,0.214395,0.011696,-0.062225,0.210199,0.010581,-0.071061,0.211252,0.010536,-0.069204,0.213063,0.01045,-0.065657,0.214677,0.010362,-0.062005,0.210602,0.009983,-0.070533,0.211008,0.00965,-0.069903,0.211394,0.009501,-0.069229,0.213259,0.009143,-0.065568,0.214924,0.008936,-0.061766,0.214677,0.010362,-0.062005,0.214924,0.008936,-0.061766,0.214191,0.008936,-0.061338,0.213945,0.010362,-0.061576,0.212644,0.01755,-0.063088,0.213472,0.015093,-0.062741,0.212745,0.015093,-0.062313,0.211921,0.01755,-0.062659,0.214007,0.013257,-0.062469,0.213278,0.013257,-0.062041,0.214395,0.011696,-0.062225,0.213663,0.011696,-0.061797],
    "name":"weidengbo0Geometry",
    "normals":[0.840846,0.237983,0.486099,0.834742,0.247688,0.491745,0.841548,0.238746,0.484542,0.854305,0.237312,0.462416,0.841762,0.226417,0.490036,0.850673,0.227363,0.473952,0.847041,0.243355,0.472488,0.857936,0.183721,0.479751,0.873775,0.225623,0.430738,0.865352,0.247505,0.435713,0.888119,0.218726,0.404187,0.880032,0.244514,0.407086,0.846034,0.199072,0.494491,0.859188,0.193365,0.473708,0.883694,0.187201,0.428938,0.897519,0.179388,0.402783,0.852901,0.174718,0.491897,0.866909,0.164892,0.470351,0.891079,0.154332,0.42671,0.905148,0.142857,0.400311,0.858608,0.15833,0.487503,0.873379,0.143559,0.465316,0.897488,0.123234,0.423414,0.911283,0.108432,0.397168,0.867519,0.138279,0.477767,0.87994,0.128391,0.457381,0.862087,0.149754,0.484085,0.902127,0.104892,0.41847,0.913877,0.092288,0.395306,0.492019,0.225623,-0.840815,0.491836,0.225471,-0.840968,0.491256,0.234382,-0.838862,0.491409,0.233589,-0.838984,0.488937,0.272195,-0.82873,0.488418,0.273721,-0.828516,0.488845,0.280984,-0.825861,0.489181,0.281198,-0.825587,0.489731,0.258126,-0.832759,0.489212,0.259041,-0.832759,0.489822,0.246376,-0.836268,0.489547,0.246895,-0.836268,0.847041,0.243324,-0.472488,0.850673,0.227363,-0.473952,0.841762,0.226386,-0.490036,0.854274,0.237312,-0.462447,0.841517,0.238746,-0.484542,0.834712,0.247719,-0.491806,0.840846,0.237953,-0.486099,0.857936,0.183721,-0.479751,0.865352,0.247505,-0.435713,0.873775,0.225623,-0.430738,0.880032,0.244514,-0.407086,0.888119,0.218726,-0.404187,0.846034,0.199072,-0.494491,0.859188,0.193365,-0.473708,0.883694,0.18717,-0.428938,0.897519,0.179388,-0.402783,0.852901,0.174718,-0.491897,0.866909,0.164892,-0.470351,0.891079,0.154332,-0.42671,0.905148,0.142857,-0.400311,0.858608,0.158361,-0.487503,0.873379,0.143559,-0.465316,0.897488,0.123234,-0.423414,0.911283,0.108432,-0.397168,0.87994,0.128361,-0.457381,0.867519,0.138279,-0.477767,0.862087,0.149785,-0.484085,0.902127,0.104862,-0.41847,0.913877,0.092257,-0.395306,0.492019,0.225623,0.840815,0.491409,0.233589,0.838984,0.491256,0.234382,0.838862,0.491836,0.225471,0.840968,0.488937,0.272225,0.82873,0.489151,0.281198,0.825587,0.488845,0.280984,0.825861,0.488418,0.273721,0.828516,0.4897,0.258095,0.832789,0.489212,0.259041,0.832759,0.489822,0.246376,0.836268,0.489578,0.246925,0.836238],
    "faces":[40,31,30,29,0,1,2,0,1,2,40,29,36,28,2,3,4,2,3,4,40,31,29,28,0,2,4,0,2,4,40,28,0,33,4,5,6,4,5,6,40,31,28,33,0,4,6,0,4,6,40,32,31,33,7,0,6,7,0,6,40,0,1,34,5,8,9,5,8,9,40,0,34,33,5,9,6,5,9,6,40,1,2,35,8,10,11,8,10,11,40,35,34,1,11,9,8,11,9,8,40,0,27,3,5,12,13,5,12,13,40,0,28,27,5,4,12,5,4,12,40,3,4,1,13,14,8,13,14,8,40,1,0,3,8,5,13,8,5,13,40,4,5,2,14,15,10,14,15,10,40,2,1,4,10,8,14,10,8,14,40,26,6,3,16,17,13,16,17,13,40,3,27,26,13,12,16,13,12,16,40,6,7,4,17,18,14,17,18,14,40,4,3,6,14,13,17,14,13,17,40,7,8,5,18,19,15,18,19,15,40,5,4,7,15,14,18,15,14,18,40,25,9,6,20,21,17,20,21,17,40,6,26,25,17,16,20,17,16,20,40,9,10,7,21,22,18,21,22,18,40,7,6,9,18,17,21,18,17,21,40,10,11,8,22,23,19,22,23,19,40,8,7,10,19,18,22,19,18,22,40,21,22,9,24,25,21,24,25,21,40,20,21,9,26,24,21,26,24,21,40,25,20,9,20,26,21,20,26,21,40,22,23,10,25,27,22,25,27,22,40,10,9,22,22,21,25,22,21,25,40,23,24,11,27,28,23,27,28,23,40,11,10,23,23,22,27,23,22,27,40,37,39,19,28,29,30,29,30,31,40,19,18,37,30,23,28,31,32,29,40,15,12,40,10,31,32,33,34,35,40,40,38,15,32,11,10,35,36,33,40,16,13,12,15,33,31,37,38,34,40,12,15,16,31,10,15,34,33,37,40,17,14,13,19,34,33,39,40,38,40,13,16,17,33,15,19,38,37,39,40,18,19,14,23,30,34,32,31,40,40,14,17,18,34,19,23,40,39,32,40,48,47,46,35,36,37,41,42,43,40,46,45,44,37,38,39,43,44,45,40,44,43,42,39,40,41,45,46,47,40,46,44,42,37,39,41,43,45,47,40,48,46,42,35,37,41,41,43,47,40,41,48,42,42,35,41,48,41,47,40,47,48,50,36,35,43,42,41,49,40,50,49,47,43,44,36,49,50,42,40,49,50,52,44,43,45,50,49,51,40,52,51,49,45,46,44,51,52,50,40,53,46,47,47,37,36,53,43,42,40,47,54,53,36,48,47,42,54,53,40,54,47,49,48,36,44,54,42,50,40,49,55,54,44,49,48,50,55,54,40,55,49,51,49,44,46,55,50,52,40,51,56,55,46,50,49,52,56,55,40,57,53,54,51,47,48,57,53,54,40,54,58,57,48,52,51,54,58,57,40,58,54,55,52,48,49,58,54,55,40,55,59,58,49,53,52,55,59,58,40,59,55,56,53,49,50,59,55,56,40,56,60,59,50,54,53,56,60,59,40,61,57,58,55,51,52,61,57,58,40,58,62,61,52,56,55,58,62,61,40,62,58,59,56,52,53,62,58,59,40,59,63,62,53,57,56,59,63,62,40,63,59,60,57,53,54,63,59,60,40,60,64,63,54,58,57,60,64,63,40,62,67,66,56,59,60,62,65,66,40,62,66,65,56,60,61,62,66,67,40,61,62,65,55,56,61,61,62,67,40,67,62,63,59,56,57,65,62,63,40,63,68,67,57,62,59,63,68,65,40,68,63,64,62,57,58,68,63,64,40,64,69,68,58,63,62,64,69,68,40,71,70,73,63,58,64,70,71,72,40,73,72,71,64,65,63,72,73,70,40,75,74,77,46,45,66,74,75,76,40,77,76,75,66,67,46,76,77,74,40,78,75,76,50,46,67,78,74,77,40,76,79,78,67,68,50,77,79,78,40,80,78,79,54,50,68,80,78,79,40,79,81,80,68,69,54,79,81,80,40,70,80,81,58,54,69,71,80,81,40,81,73,70,69,64,58,81,72,71],
    "metadata":{
        "version":3,
        "type":"Geometry",
        "vertices":82,
        "normals":82,
        "faces":90,
        "generator":"io_three",
        "uvs":1
    },