{
    "vertices":[0.213669,0.015093,0.058245,0.2142,0.013257,0.057973,0.214582,0.011696,0.057729,0.214865,0.010362,0.057508,0.21641,0.010362,0.053466,0.216148,0.011696,0.05367,0.215784,0.013257,0.053908,0.215277,0.015093,0.054188,0.217428,0.011696,0.049731,0.217074,0.013257,0.049966,0.216649,0.014874,0.050209,0.213945,0.010362,0.057654,0.213669,0.015093,0.058245,0.2142,0.013257,0.057973,0.214582,0.011696,0.057729,0.214865,0.010362,0.057508,0.212745,0.015093,0.058391,0.213278,0.013257,0.058119,0.213663,0.011696,0.057875,0.21511,0.008936,0.05727,0.212849,0.01755,0.058591,0.216644,0.008787,0.053248,0.214499,0.017527,0.054563,0.217106,0.008926,0.05181,0.217434,0.009342,0.050674,0.217701,0.010237,0.049512,0.217891,0.011696,0.048159,0.217994,0.013257,0.046789,0.218022,0.014622,0.045619,0.218002,0.015913,0.044547,0.217954,0.016432,0.044228,0.217857,0.016848,0.044191,0.217704,0.017142,0.044486,0.217563,0.017262,0.04491,0.217405,0.017322,0.045449,0.217086,0.017356,0.04659,0.215875,0.017442,0.050596,0.214191,0.008936,0.057416,0.211921,0.01755,0.058738,0.21511,0.008936,0.05727,0.212849,0.01755,0.058591,0.214499,0.017527,-0.058485,0.212849,0.01755,-0.062513,0.213669,0.015093,-0.062167,0.215277,0.015093,-0.05811,0.2142,0.013257,-0.061895,0.215784,0.013257,-0.05783,0.214582,0.011696,-0.06165,0.216148,0.011696,-0.057591,0.214865,0.010362,-0.06143,0.21641,0.010362,-0.057388,0.21511,0.008936,-0.061192,0.216644,0.008787,-0.05717,0.217428,0.011696,-0.053653,0.217074,0.013257,-0.053888,0.216649,0.014874,-0.054131,0.215875,0.017442,-0.054518,0.217701,0.010237,-0.053433,0.217106,0.008926,-0.055732,0.217434,0.009342,-0.054596,0.217891,0.011696,-0.05208,0.217994,0.013257,-0.050711,0.218022,0.014622,-0.049541,0.218002,0.015913,-0.048469,0.217954,0.016432,-0.048149,0.217857,0.016848,-0.048112,0.217704,0.017142,-0.048408,0.217563,0.017262,-0.048832,0.217405,0.017322,-0.04937,0.217086,0.017356,-0.050512,0.214191,0.008936,-0.061338,0.21511,0.008936,-0.061192,0.214865,0.010362,-0.06143,0.213945,0.010362,-0.061576,0.212745,0.015093,-0.062313,0.213669,0.015093,-0.062167,0.212849,0.01755,-0.062513,0.211921,0.01755,-0.062659,0.213278,0.013257,-0.062041,0.2142,0.013257,-0.061895,0.213663,0.011696,-0.061797,0.214582,0.011696,-0.06165],
    "name":"weidengbo1Geometry",
    "normals":[0.903531,0.228919,0.362194,0.908567,0.24134,0.340892,0.896969,0.247902,0.366008,0.916318,0.22132,0.333628,0.913816,0.190313,0.358715,0.925199,0.184454,0.331584,0.921262,0.154241,0.357006,0.931791,0.149815,0.330515,0.926756,0.120396,0.355754,0.936796,0.114872,0.330454,0.929868,0.097934,0.354564,0.939085,0.093692,0.330638,0.944304,0.151921,0.291849,0.938749,0.186743,0.289499,0.931944,0.218726,0.289102,0.925474,0.237861,0.294717,0.946226,0.128758,0.296701,0.94528,0.10007,0.310495,0.945494,0.110508,0.306223,0.946654,0.165319,0.276528,0.941252,0.201483,0.270943,0.938139,0.222694,0.265114,0.938292,0.234077,0.254463,0.936674,0.241768,0.253243,0.938749,0.240028,0.247169,0.93881,0.24192,0.245064,0.938627,0.236793,0.250771,0.953032,0.152074,0.261849,0.936216,0.230506,0.265175,0.155553,-0.136845,0.978271,0.155644,-0.136876,0.978271,0.155553,-0.133305,0.978759,0.155553,-0.132206,0.978912,0.15537,-0.092318,0.98352,0.155431,-0.095065,0.983245,0.155034,-0.086886,0.984069,0.154942,-0.086886,0.984069,0.155522,-0.10651,0.982055,0.155644,-0.109134,0.98175,0.155736,-0.120914,0.980346,0.155797,-0.12302,0.980071,0.908567,0.24134,-0.340892,0.916318,0.22132,-0.333628,0.903531,0.228919,-0.362194,0.896969,0.247902,-0.366008,0.925199,0.184454,-0.331584,0.913816,0.190313,-0.358715,0.931791,0.149815,-0.330515,0.921262,0.154241,-0.357006,0.936796,0.114872,-0.330454,0.926756,0.120396,-0.355754,0.939055,0.093722,-0.330638,0.929868,0.097934,-0.354564,0.938749,0.186712,-0.289499,0.944304,0.151921,-0.291849,0.931944,0.218726,-0.289102,0.925474,0.237861,-0.294717,0.946226,0.128758,-0.296701,0.94528,0.10007,-0.310495,0.945494,0.110508,-0.306223,0.946654,0.165319,-0.276528,0.941252,0.201483,-0.270943,0.938139,0.222694,-0.265114,0.936216,0.230506,-0.265175,0.953032,0.152074,-0.261818,0.938627,0.236763,-0.250801,0.938841,0.241798,-0.245094,0.938749,0.240028,-0.247169,0.936674,0.241798,-0.253243,0.938292,0.234077,-0.254463,0.155553,-0.136876,-0.978271,0.155522,-0.132206,-0.978912,0.155522,-0.133305,-0.97879,0.155644,-0.136906,-0.978271,0.15537,-0.092318,-0.98352,0.154973,-0.086856,-0.984069,0.155065,-0.086856,-0.984069,0.155461,-0.095065,-0.983245,0.155553,-0.10651,-0.982055,0.155644,-0.109134,-0.98175,0.155766,-0.120914,-0.980346,0.155797,-0.12302,-0.980071],
    "faces":[40,0,22,20,0,1,2,0,1,2,40,0,7,22,0,3,1,0,3,1,40,7,0,1,3,0,4,3,0,4,40,1,6,7,4,5,3,4,5,3,40,6,1,2,5,4,6,5,4,6,40,2,5,6,6,7,5,6,7,5,40,5,2,3,7,6,8,7,6,8,40,3,4,5,8,9,7,8,9,7,40,4,3,19,9,8,10,9,8,10,40,19,21,4,10,11,9,10,11,9,40,5,8,9,7,12,13,7,12,13,40,9,6,5,13,5,7,13,5,7,40,6,9,10,5,13,14,5,13,14,40,10,7,6,14,3,5,14,3,5,40,7,10,36,3,14,15,3,14,15,40,36,22,7,15,1,3,15,1,3,40,8,5,4,12,7,9,12,7,9,40,4,25,8,9,16,12,9,16,12,40,4,21,23,9,11,17,9,11,17,40,4,23,24,9,17,18,9,17,18,40,25,4,24,16,9,18,16,9,18,40,25,26,8,16,19,12,16,19,12,40,26,27,9,19,20,13,19,20,13,40,9,8,26,13,12,19,13,12,19,40,27,28,10,20,21,14,20,21,14,40,10,9,27,14,13,20,14,13,20,40,29,30,31,22,23,24,22,23,24,40,31,32,33,24,25,26,24,25,26,40,29,31,33,22,24,26,22,24,26,40,33,34,35,26,27,28,26,27,28,40,29,33,35,22,26,28,22,26,28,40,28,29,35,21,22,28,21,22,28,40,35,36,10,28,15,14,28,15,14,40,10,28,35,14,21,28,14,21,28,40,37,39,15,29,10,8,29,30,31,40,15,11,37,8,30,29,31,32,29,40,16,12,40,31,0,2,33,34,35,40,40,38,16,2,32,31,35,36,33,40,17,13,12,33,4,0,37,38,34,40,12,16,17,0,31,33,34,33,37,40,18,14,13,34,6,4,39,40,38,40,13,17,18,4,33,34,38,37,39,40,11,15,14,30,8,6,32,31,40,40,14,18,11,6,34,30,40,39,32,40,41,44,43,35,36,37,41,42,43,40,43,42,41,37,38,35,43,44,41,40,44,46,45,36,39,40,42,45,46,40,45,43,44,40,37,36,46,43,42,40,46,48,47,39,41,42,45,47,48,40,47,45,46,42,40,39,48,46,45,40,48,50,49,41,43,44,47,49,50,40,49,47,48,44,42,41,50,48,47,40,50,52,51,43,45,46,49,51,52,40,51,49,50,46,44,43,52,50,49,40,48,46,54,41,39,47,47,45,53,40,54,53,48,47,48,41,53,54,47,40,46,44,55,39,36,49,45,42,55,40,55,54,46,49,47,39,55,53,45,40,44,41,56,36,35,50,42,41,56,40,56,55,44,50,49,36,56,55,42,40,53,57,50,48,51,43,54,57,49,40,50,48,53,43,41,48,49,47,54,40,58,52,50,52,45,43,58,51,49,40,59,58,50,53,52,43,59,58,49,40,57,59,50,51,53,43,57,59,49,40,57,53,60,51,48,54,57,54,60,40,60,53,54,54,48,47,60,54,53,40,54,61,60,47,55,54,53,61,60,40,61,54,55,55,47,49,61,53,55,40,55,62,61,49,56,55,55,62,61,40,69,68,67,57,58,59,63,64,65,40,67,66,65,59,60,61,65,66,67,40,65,64,63,61,62,63,67,68,69,40,67,65,63,59,61,63,65,67,69,40,69,67,63,57,59,63,63,65,69,40,62,69,63,56,57,63,62,63,69,40,69,62,55,57,56,49,63,62,55,40,55,56,69,49,50,57,55,56,63,40,70,73,72,64,65,44,70,71,72,40,72,71,70,44,46,64,72,73,70,40,74,77,76,66,67,38,74,75,76,40,76,75,74,38,37,66,76,77,74,40,78,74,75,68,66,37,78,74,77,40,75,79,78,37,40,68,77,79,78,40,80,78,79,69,68,40,80,78,79,40,79,81,80,40,42,69,79,81,80,40,73,80,81,65,69,42,71,80,81,40,81,72,73,42,44,65,81,72,71],
    "metadata":{
        "version":3,
        "type":"Geometry",
        "vertices":82,
        "normals":82,
        "faces":88,
        "generator":"io_three",
        "uvs":1
    },