{
    "uvs":[[0.992589,0.940362,0.986371,0.961893,0.960081,0.98857,0.960335,0.940763,0.986742,0.887864,0.996717,0.92502,0.960391,0.924957,0.960627,0.862002,0.860957,0.960706,0.856054,0.942059,0.888579,0.941655,0.888735,0.988851,0.851499,0.924767,0.888525,0.924832,0.860513,0.888903,0.88832,0.861219,0.924492,0.941208,0.924339,0.998443,0.92453,0.924894,0.924706,0.851768]],
    "normals":[0.960051,0.26194,0.098178,0.964324,0.232368,0.12656,0.960692,0.256355,0.106357,0.960112,0.262734,0.095431,0.958068,0.270699,0.093814,0.957915,0.271035,0.094455,0.95764,0.27192,0.094485,0.957915,0.271554,0.092959,0.958861,0.267129,0.09595,0.957213,0.273324,0.094882,0.95764,0.271584,0.09537,0.959166,0.265572,0.097018,0.956206,0.276955,0.094333,0.956725,0.275307,0.093997,0.956908,0.275063,0.092746,0.957335,0.274453,0.090182,0.958403,0.268197,0.097324,0.958556,0.264504,0.105838,0.957305,0.273232,0.094333,0.95764,0.272927,0.091586],
    "name":"yijianqidoGeometry",
    "metadata":{
        "type":"Geometry",
        "uvs":1,
        "generator":"io_three",
        "normals":20,
        "faces":24,
        "vertices":20,
        "version":3
    },
    "faces":[40,1,2,3,0,1,2,0,1,2,40,3,0,1,2,3,0,2,3,0,40,5,6,7,4,5,6,4,5,6,40,7,4,5,6,7,4,6,7,4,40,7,6,1,6,5,0,6,5,0,40,1,0,7,0,3,6,0,3,6,40,9,10,11,8,9,10,8,9,10,40,11,8,9,10,11,8,10,11,8,40,10,12,13,9,12,13,9,12,13,40,13,11,10,13,10,9,13,10,9,40,13,12,14,13,12,14,13,12,14,40,14,15,13,14,15,13,14,15,13,40,8,11,17,11,10,16,11,10,16,40,17,16,8,16,17,11,16,17,11,40,17,11,13,16,10,13,16,10,13,40,13,18,17,13,18,16,13,18,16,40,13,15,19,13,15,19,13,15,19,40,19,18,13,19,18,13,19,18,13,40,17,0,3,16,3,2,16,3,2,40,3,16,17,2,17,16,2,17,16,40,0,17,18,3,16,18,3,16,18,40,0,18,7,3,18,6,3,18,6,40,18,19,4,18,19,7,18,19,7,40,4,7,18,7,6,18,7,6,18],
    "vertices":[-0.045329,0.009175,0.017422,-0.045226,0.009165,0.01641,-0.045413,0.009844,0.016591,-0.04572,0.010679,0.017397,-0.044636,0.006709,0.017472,-0.044783,0.007521,0.016633,-0.045078,0.008685,0.016293,-0.045189,0.00868,0.017432,-0.045967,0.010676,0.019633,-0.04581,0.009791,0.020525,-0.045664,0.009206,0.020693,-0.045559,0.009196,0.019673,-0.045522,0.008665,0.020849,-0.045409,0.00867,0.019687,-0.045173,0.007545,0.020594,-0.044844,0.006681,0.019742,-0.045936,0.010981,0.018509,-0.045444,0.009185,0.018546,-0.045299,0.008675,0.018558,-0.044653,0.006387,0.018607]
}