{
    "metadata":{
        "normals":1,
        "faces":2,
        "generator":"io_three",
        "uvs":1,
        "vertices":4,
        "version":3,
        "type":"Geometry"
    },
    "normals":[0,1,0],
    "faces":[40,0,1,3,0,1,2,0,0,0,40,0,3,2,0,2,3,0,0,0],
    "name":"shadowGeometry",
    "uvs":[[0,0.198732,1,0.198732,1,0.801269,0,0.801269]],
    "vertices":[-0.329194,-0.086767,0.178165,0.333764,-0.086767,0.178165,-0.329194,-0.086767,-0.173211,0.333764,-0.086767,-0.173211]
}