{
    "vertices":[-0.041699,0.027116,-0.10045,-0.040576,0.027179,-0.10014,-0.040463,0.028605,-0.100496,-0.0417,0.028542,-0.10084,-0.042851,0.027039,-0.100652,-0.042936,0.028469,-0.101043,-0.044018,0.026961,-0.100727,-0.044172,0.028385,-0.101098,-0.044893,0.026894,-0.100684,-0.045125,0.028312,-0.101023,-0.046216,0.026785,-0.100465,-0.046057,0.028235,-0.100857,-0.048339,0.026584,-0.099718,-0.048636,0.027999,-0.099902,-0.050552,0.026341,-0.0984,-0.050824,0.027737,-0.098493,-0.05247,0.026101,-0.096796,-0.052758,0.027497,-0.096806,-0.054318,0.025856,-0.094831,-0.05455,0.027246,-0.094834,-0.056145,0.025568,-0.092544,-0.056236,0.026929,-0.092647,-0.057764,0.025309,-0.090301,-0.0579,0.026315,-0.090256,-0.058508,0.025361,-0.089291,-0.058391,0.025229,-0.089426,-0.058231,0.025962,-0.089757,-0.05847,0.025615,-0.089383,-0.039738,0.027259,-0.099651,-0.03963,0.028658,-0.099993],
    "name":"youhoushijGeometry",
    "normals":[0.38847,-0.252235,-0.886258,0.22718,-0.256996,-0.939299,0.223701,-0.25425,-0.940886,0.395917,-0.250343,-0.88348,0.129765,-0.257271,-0.957549,0.119053,-0.251045,-0.960601,0.02237,-0.253914,-0.966948,0.004913,-0.245796,-0.969298,-0.088992,-0.248848,-0.964415,-0.105045,-0.247383,-0.963195,-0.243599,-0.222694,-0.943937,-0.219611,-0.235115,-0.946806,-0.396283,-0.199408,-0.896176,-0.409131,-0.196265,-0.891079,-0.564592,-0.173803,-0.806818,-0.575732,-0.159429,-0.801935,-0.67214,-0.150182,-0.725028,-0.68041,-0.140446,-0.719199,-0.748589,-0.126713,-0.650777,-0.751854,-0.126713,-0.646992,-0.789514,-0.096835,-0.606006,-0.787164,-0.103641,-0.607959,-0.805017,-0.082125,-0.587481,-0.803827,-0.086367,-0.588519,-0.799249,-0.091861,-0.59389,-0.79577,-0.096713,-0.597797,-0.796075,-0.096286,-0.59743,-0.795434,-0.096072,-0.598346,0.512497,-0.241432,-0.824,0.50856,-0.244545,-0.825556],
    "faces":[40,1,0,3,0,1,2,0,1,2,40,3,2,1,2,3,0,2,3,0,40,4,5,3,4,5,2,4,5,2,40,3,0,4,2,1,4,2,1,4,40,6,7,5,6,7,5,6,7,5,40,5,4,6,5,4,6,5,4,6,40,8,9,7,8,9,7,8,9,7,40,7,6,8,7,6,8,7,6,8,40,8,10,11,8,10,11,8,10,11,40,11,9,8,11,9,8,11,9,8,40,10,12,13,10,12,13,10,12,13,40,13,11,10,13,11,10,13,11,10,40,14,15,13,14,15,13,14,15,13,40,13,12,14,13,12,14,13,12,14,40,16,17,15,16,17,15,16,17,15,40,15,14,16,15,14,16,15,14,16,40,18,19,17,18,19,17,18,19,17,40,17,16,18,17,16,18,17,16,18,40,18,20,21,18,20,21,18,20,21,40,21,19,18,21,19,18,21,19,18,40,20,22,23,20,22,23,20,22,23,40,23,21,20,23,21,20,23,21,20,40,23,22,25,23,22,24,23,22,24,40,26,23,25,25,23,24,25,23,24,40,27,26,25,26,25,24,26,25,24,40,24,27,25,27,26,24,27,26,24,40,2,29,28,3,28,29,3,28,29,40,28,1,2,29,0,3,29,0,3],
    "metadata":{
        "version":3,
        "type":"Geometry",
        "vertices":30,
        "normals":30,
        "faces":28,
        "generator":"io_three",
        "uvs":1
    },
    "uvs":[[0.958546,0.928162,0.924896,0.925386,0.931761,0.978917,0.968923,0.980003,0.883126,0.924457,0.88692,0.978829,0.838169,0.923383,0.839104,0.979075,0.80235,0.922929,0.799869,0.978693,0.745195,0.922391,0.759698,0.978253,0.645546,0.920764,0.638193,0.975834,0.530864,0.919942,0.522943,0.97488,0.42216,0.919951,0.412006,0.973542,0.308957,0.920726,0.301003,0.972976,0.190131,0.920651,0.189956,0.967678,0.080259,0.920137,0.076094,0.950844,0.03934,0.919448,0.053719,0.938424,0.037643,0.926842,0.035491,0.921436,0.986961,0.979567,0.977203,0.931546]]
}