{
    "vertices":[0.070114,0.028886,-0.077663,0.083255,0.02993,-0.077276,0.083168,0.030779,-0.076764,0.070081,0.029743,-0.077156,0.109536,0.032108,-0.076333,0.122676,0.033246,-0.075775,0.122428,0.034075,-0.075253,0.109341,0.032943,-0.075815,0.096395,0.031002,-0.076833,0.096254,0.031844,-0.07632,0.043908,0.027768,-0.077767,0.030822,0.026824,-0.077997,0.030693,0.025946,-0.078497,0.043833,0.026897,-0.078272,0.056995,0.028741,-0.077488,0.056974,0.027877,-0.077994,0.030396,0.026793,-0.078004,0.030267,0.025916,-0.078504,0.122282,0.03436,-0.07388,0.109058,0.033219,-0.074455,0.096057,0.032132,-0.074959,0.083058,0.031078,-0.075404,0.070059,0.030052,-0.075795,0.05706,0.02906,-0.076127,0.044063,0.028097,-0.076407,0.030906,0.027151,-0.076639,0.122874,0.034118,-0.075229,0.122726,0.034403,-0.073856,0.030748,0.025477,-0.077145,0.044023,0.026015,-0.075624,0.05725,0.02703,-0.075347,0.07048,0.028075,-0.075016,0.083716,0.029154,-0.074628,0.096959,0.030259,-0.074186,0.110208,0.031396,-0.073685,0.123074,0.032902,-0.07444,0.030321,0.025447,-0.077152,0.030483,0.027121,-0.076646,0.123122,0.033288,-0.075752,0.123522,0.032944,-0.074416,0.030396,0.026793,-0.078004,0.030267,0.025916,-0.078504,0.030321,0.025447,-0.077152,0.030483,0.027121,-0.076646,0.122874,0.034118,-0.075229,0.122726,0.034403,-0.073856,0.123122,0.033288,-0.075752,0.123522,0.032944,-0.074416],
    "normals":[0.058901,-0.354289,-0.933256,0.053865,-0.353496,-0.933866,-0.04651,0.806238,-0.589709,-0.046052,0.808893,-0.586108,0.068484,-0.354503,-0.932524,-0.04593,0.814142,-0.578784,-0.046419,0.816126,-0.575976,0.07593,-0.353099,-0.932463,0.063601,-0.355083,-0.932646,-0.045961,0.811243,-0.582842,-0.047731,0.800256,-0.597705,-0.047121,0.80224,-0.595111,0.044008,-0.349406,-0.935911,0.039796,-0.347819,-0.936705,-0.046785,0.804315,-0.592334,0.048982,-0.351299,-0.934965,0.042238,-0.41142,-0.910459,-0.04593,0.776116,-0.628864,-0.074129,0.974181,-0.213172,-0.078677,0.974273,-0.211035,-0.07242,0.973632,-0.216254,-0.070772,0.973113,-0.219123,-0.06946,0.972564,-0.221931,-0.067995,0.972045,-0.224677,-0.066652,0.971526,-0.227302,-0.066012,0.971007,-0.229621,-0.082186,0.973937,-0.21128,-0.04471,0.804773,-0.591876,0.076266,-0.944517,-0.319437,0.073092,-0.941618,-0.328593,0.080081,-0.947172,-0.310465,0.083621,-0.949675,-0.301798,0.087039,-0.951933,-0.293649,0.090396,-0.953825,-0.286416,0.093814,-0.95526,-0.280404,0.101169,-0.955657,-0.276528,0.071963,-0.941496,-0.329234,-0.066195,0.970977,-0.229713,0.092257,-0.509537,-0.855464,0.105197,-0.954955,-0.277444,0.900906,0.429182,-0.064272,0.965239,0.256294,0.050752,0.898099,0.434431,-0.067934,0.85049,0.511338,-0.123051,-0.99411,0.093204,0.055086,-0.991302,0.127232,0.032685,-0.994049,0.094058,0.054537,-0.994873,0.076632,0.06592],
    "faces":[40,1,0,3,0,1,2,0,1,2,40,3,2,1,2,3,0,2,3,0,40,4,7,6,4,5,6,4,5,6,40,6,5,4,6,7,4,6,7,4,40,8,9,7,8,9,5,8,9,5,40,7,4,8,5,4,8,5,4,8,40,1,2,9,0,3,9,0,3,9,40,9,8,1,9,8,0,9,8,0,40,11,10,13,10,11,12,10,11,12,40,13,12,11,12,13,10,12,13,10,40,10,14,15,11,14,15,11,14,15,40,15,13,10,15,12,11,15,12,11,40,0,14,3,1,14,2,1,14,2,40,0,15,14,1,15,14,1,15,14,40,12,17,16,13,16,17,13,16,17,40,16,11,12,17,10,13,17,10,13,40,7,19,18,5,18,19,5,18,19,40,18,6,7,19,6,5,19,6,5,40,9,20,19,9,20,18,9,20,18,40,19,7,9,18,5,9,18,5,9,40,2,21,20,3,21,20,3,21,20,40,20,9,2,20,9,3,20,9,3,40,2,3,22,3,2,22,3,2,22,40,22,21,2,22,21,3,22,21,3,40,3,14,23,2,14,23,2,14,23,40,23,22,3,23,22,2,23,22,2,40,14,10,24,14,11,24,14,11,24,40,24,23,14,24,23,14,24,23,14,40,10,11,25,11,10,25,11,10,25,40,25,24,10,25,24,11,25,24,11,40,6,18,27,6,19,26,6,19,26,40,27,26,6,26,27,6,26,27,6,40,13,29,28,12,28,29,12,28,29,40,28,12,13,29,13,12,29,13,12,40,15,30,29,15,30,28,15,30,28,40,29,13,15,28,12,15,28,12,15,40,0,31,30,1,31,30,1,31,30,40,0,30,15,1,30,15,1,30,15,40,1,32,31,0,32,31,0,32,31,40,31,0,1,31,1,0,31,1,0,40,8,33,32,8,33,32,8,33,32,40,32,1,8,32,0,8,32,0,8,40,4,34,33,4,34,33,4,34,33,40,33,8,4,33,8,4,33,8,4,40,5,35,34,7,35,34,7,35,34,40,34,4,5,34,4,7,34,4,7,40,12,28,36,13,29,36,13,29,36,40,36,17,12,36,16,13,36,16,13,40,11,16,37,10,17,37,10,17,37,40,37,25,11,37,25,10,37,25,10,40,26,38,5,27,38,7,27,38,7,40,5,6,26,7,6,27,7,6,27,40,38,39,35,38,39,35,38,39,35,40,35,5,38,35,7,38,35,7,38,40,46,44,45,38,27,26,40,41,42,40,45,47,46,26,39,38,42,43,40,40,43,40,41,37,17,16,44,45,46,40,41,42,43,16,36,37,46,47,44],
    "uvs":[[0.639858,0.656972,0.599045,0.653474,0.599447,0.659242,0.640092,0.662706,0.721538,0.664576,0.721434,0.670243,0.762134,0.674346,0.762407,0.668712,0.680688,0.660659,0.680753,0.666359,0.477627,0.650132,0.518217,0.652973,0.517476,0.647139,0.476717,0.644263,0.558824,0.656009,0.558252,0.650208,0.475397,0.644176,0.476307,0.650037,0.720731,0.672174,0.761164,0.67622,0.68032,0.668343,0.639931,0.664741,0.59956,0.661325,0.559213,0.658137,0.518884,0.655143,0.478574,0.652342,0.762545,0.676386,0.763525,0.674514,0.517538,0.641159,0.476506,0.638068,0.558598,0.644446,0.599687,0.647926,0.640814,0.651632,0.681975,0.655514,0.723177,0.659612,0.764419,0.663911,0.475177,0.637974,0.477263,0.652249,0.763795,0.668875,0.76582,0.66408]],
    "metadata":{
        "generator":"io_three",
        "type":"Geometry",
        "vertices":48,
        "normals":48,
        "version":3,
        "faces":58,
        "uvs":1
    },
    "name":"youhoudugeGeometry"
}