{
    "vertices":[0.040654,0.043524,-0.070764,0.046097,0.043524,-0.070774,0.046097,0.049549,-0.068231,0.041254,0.049549,-0.068222,0.039454,0.031476,-0.074993,0.046097,0.031476,-0.075006,0.046097,0.0375,-0.073033,0.040054,0.0375,-0.07302,0.046097,0.061597,-0.06229,0.042454,0.061597,-0.062285,0.041854,0.055573,-0.065396,0.046097,0.055573,-0.065403,0.10038,0.043524,-0.070503,0.109427,0.043524,-0.070391,0.109427,0.049549,-0.067894,0.10038,0.049549,-0.067994,0.091333,0.043524,-0.070596,0.091333,0.049549,-0.068077,0.082286,0.043524,-0.07067,0.082286,0.049549,-0.068143,0.073239,0.043524,-0.070725,0.073239,0.049549,-0.068191,0.064191,0.043524,-0.070761,0.064191,0.049549,-0.068222,0.055144,0.043524,-0.070777,0.055144,0.049549,-0.068235,0.082286,0.031476,-0.074859,0.091333,0.031476,-0.074765,0.091333,0.0375,-0.072825,0.082286,0.0375,-0.072909,0.073239,0.031476,-0.074931,0.073239,0.0375,-0.072971,0.064191,0.031476,-0.074979,0.064191,0.0375,-0.073013,0.055144,0.031476,-0.075004,0.055144,0.0375,-0.073033,0.118474,0.043509,-0.070266,0.118474,0.043524,-0.07026,0.118469,0.043524,-0.07026,0.10038,0.0375,-0.072721,0.109427,0.0375,-0.072595,0.10038,0.055573,-0.065194,0.109427,0.055573,-0.065104,0.109427,0.061597,-0.062021,0.10038,0.061597,-0.062102,0.091333,0.055573,-0.065268,0.091333,0.061597,-0.062169,0.082286,0.055573,-0.065326,0.082286,0.061597,-0.062221,0.073239,0.055573,-0.065369,0.073239,0.061597,-0.06226,0.064191,0.055573,-0.065396,0.064191,0.061597,-0.062284,0.055144,0.055573,-0.065407,0.055144,0.061597,-0.062294,0.046097,0.066845,-0.059346,0.042977,0.066853,-0.059337,0.055144,0.066822,-0.059363,0.064191,0.066526,-0.059525,0.073239,0.06623,-0.059673,0.082286,0.065935,-0.059807,0.091333,0.065639,-0.059927,0.10038,0.064999,-0.060227,0.109427,0.06436,-0.060509,0.112008,0.064177,-0.060586,0.112815,0.061597,-0.061987,0.1147,0.055573,-0.065045,0.116585,0.049549,-0.067803,0.118474,0.0375,-0.072448,0.120354,0.0375,-0.072415,0.121609,0.033489,-0.073682,0.118474,0.033235,-0.073819,0.109427,0.032503,-0.074201,0.10038,0.031771,-0.074559,0.096726,0.031476,-0.074697,0.091333,0.031039,-0.074894,0.082286,0.030307,-0.075204,0.073239,0.029576,-0.075489,0.064191,0.028844,-0.075748,0.055144,0.028112,-0.07598,0.046097,0.02738,-0.076185,0.039002,0.026942,-0.076289],
    "normals":[-0.001007,0.369976,-0.929014,-0.001831,0.368877,-0.929441,-0.00174,0.405927,-0.913877,-0.001007,0.406964,-0.913419,-0.001007,0.294107,-0.955748,-0.002228,0.292459,-0.956267,-0.001892,0.330027,-0.943968,-0.000916,0.331156,-0.943541,-0.001373,0.473342,-0.880856,-0.000855,0.474227,-0.880398,-0.000946,0.442061,-0.896969,-0.001587,0.441054,-0.897458,0.01236,0.363018,-0.931669,0.01059,0.36494,-0.930937,0.009278,0.402997,-0.915128,0.01059,0.401593,-0.915738,0.008606,0.366405,-0.930387,0.007538,0.404218,-0.914609,0.006653,0.367626,-0.929929,0.005768,0.405194,-0.914182,0.004669,0.368603,-0.929563,0.004028,0.405988,-0.913846,0.002716,0.369304,-0.929289,0.002258,0.406537,-0.913602,0.000732,0.369762,-0.929106,0.000519,0.406842,-0.91348,0.010773,0.295267,-0.955321,0.008606,0.295633,-0.955229,0.00766,0.328166,-0.944578,0.009766,0.326792,-0.945036,0.006165,0.295694,-0.955229,0.005463,0.329325,-0.944182,0.003723,0.29545,-0.955321,0.003265,0.330241,-0.943876,0.001251,0.294931,-0.955504,0.001068,0.330821,-0.943663,-0.047609,0.342418,-0.938322,0.008148,0.358776,-0.933378,0.011231,0.360973,-0.932493,0.014008,0.324961,-0.945616,0.011811,0.325724,-0.945372,0.009308,0.437971,-0.898923,0.008179,0.4391,-0.898373,0.007111,0.469405,-0.882931,0.00824,0.467727,-0.883816,0.006592,0.440046,-0.897916,0.005707,0.471053,-0.882077,0.005036,0.44084,-0.897549,0.004364,0.472121,-0.881497,0.003479,0.44142,-0.897275,0.002991,0.472976,-0.881039,0.001923,0.441816,-0.897092,0.001587,0.473647,-0.880673,0.000366,0.44203,-0.896969,0.000214,0.474166,-0.880398,-0.001221,0.489212,-0.872127,-0.000763,0.489242,-0.872127,0,0.489273,-0.872097,0.00119,0.488632,-0.872463,0.002533,0.487655,-0.873012,0.003876,0.486526,-0.873623,0.005036,0.485244,-0.874325,0.006439,0.482986,-0.875576,0.00763,0.480392,-0.87701,0.008271,0.479629,-0.877407,0.009125,0.465316,-0.885067,0.010559,0.434431,-0.900632,0.012268,0.397382,-0.917539,0.015748,0.323923,-0.945921,0.016724,0.320505,-0.947081,0.016968,0.305918,-0.951903,0.016114,0.305948,-0.951903,0.014191,0.305795,-0.951964,0.012055,0.305521,-0.952086,0.011353,0.305216,-0.952208,0.010926,0.283792,-0.9588,0.008698,0.282937,-0.959075,0.006165,0.281716,-0.959471,0.003601,0.28019,-0.959929,0.000977,0.278359,-0.960448,-0.001465,0.276315,-0.961058,-0.002838,0.275216,-0.961364],