{
    "vertices":[0.113429,0.022891,-0.087066,0.11466,0.022858,-0.086695,0.114617,0.023366,-0.086735,0.113395,0.023398,-0.087098,0.115578,0.02331,-0.086351,0.115597,0.023071,-0.086371,0.097279,0.0217,-0.086019,0.097904,0.022086,-0.086315,0.097259,0.021943,-0.086004,0.098726,0.022245,-0.086637,0.107038,0.023158,-0.087717,0.104966,0.022997,-0.087657,0.099796,0.021893,-0.086892,0.100839,0.02204,-0.08713,0.102919,0.022283,-0.08744,0.104996,0.022479,-0.087605,0.113234,0.023399,-0.087137,0.111173,0.023371,-0.087495,0.109107,0.023285,-0.08767,0.100811,0.02256,-0.087178,0.09977,0.022415,-0.086947,0.10289,0.022801,-0.087488,0.098751,0.021717,-0.086568,0.11651,0.023215,-0.085851,0.116369,0.022996,-0.085971,0.096668,0.021545,-0.085662,0.096531,0.021755,-0.08557,0.114599,0.02376,-0.086409,0.113368,0.023793,-0.086779,0.115566,0.023517,-0.086229,0.097248,0.02215,-0.085876,0.100776,0.022956,-0.086839,0.099733,0.022809,-0.0866,0.102857,0.023196,-0.08715,0.104934,0.02339,-0.087315,0.098688,0.022635,-0.086276,0.116338,0.023444,-0.085829,0.115546,0.0237,-0.086017,0.096637,0.021995,-0.085519,0.115607,0.022798,-0.086303,0.097928,0.021551,-0.086224,0.097295,0.021404,-0.085898,0.10707,0.022641,-0.087665,0.113271,0.022892,-0.087104,0.111209,0.022863,-0.08746,0.109141,0.022772,-0.087626,0.097232,0.022322,-0.085606,0.097865,0.022469,-0.085933,0.107007,0.02355,-0.087376,0.111147,0.023767,-0.087172,0.113209,0.023794,-0.086817,0.109079,0.023679,-0.087338],
    "normals":[0.315317,-0.060671,-0.94702,0.28663,-0.041902,-0.957091,0.27955,0.307382,-0.909574,0.30723,0.306742,-0.900815,-0.425398,-0.1742,-0.888058,-0.497635,0.231544,-0.835871,-0.411206,0.250343,-0.876461,-0.344493,-0.201239,-0.916959,-0.37904,-0.36784,-0.849117,-0.355144,0.260933,-0.897641,-0.310831,-0.144902,-0.939329,-0.077059,0.297525,-0.951567,-0.024598,0.300638,-0.953398,0.003418,-0.099307,-0.995025,-0.045289,-0.10303,-0.993622,0.110721,0.307474,-0.945067,0.158422,0.309336,-0.937651,0.171636,-0.05179,-0.983795,0.128117,-0.059755,-0.989929,0.055452,-0.07947,-0.99527,0.033235,0.303598,-0.952208,-0.171331,-0.101169,-0.97998,-0.239204,-0.118198,-0.963713,-0.279366,0.273385,-0.920438,-0.20716,0.283364,-0.936338,-0.10474,-0.097171,-0.989715,-0.137761,0.291787,-0.946501,0.464431,0.297037,-0.834284,0.465468,0.129063,-0.875576,0.414747,-0.044618,-0.908811,0.418897,0.301004,-0.856655,-0.501389,-0.041993,-0.864162,-0.54088,0.22074,-0.811579,0.238563,0.621448,-0.746208,0.268654,0.633137,-0.725913,-0.478378,0.598651,-0.642415,-0.454909,0.738639,-0.497421,-0.402692,0.647145,-0.647298,-0.363201,0.618641,-0.696646,-0.049959,0.653615,-0.75515,-0.097873,0.648274,-0.755058,0.082644,0.6339,-0.768944,0.123966,0.628193,-0.76809,0.005799,0.645192,-0.76397,-0.289834,0.619983,-0.729087,-0.221076,0.623951,-0.749504,-0.153966,0.634144,-0.757714,0.369854,0.609973,-0.700766,0.442976,0.45671,-0.771447,0.335826,0.729759,-0.595477,-0.536424,0.46849,-0.701956,0.400037,-0.206305,-0.892941],
    "faces":[40,1,0,3,0,1,2,0,1,2,40,3,2,1,2,3,0,2,3,0,40,6,8,7,4,5,6,4,5,6,40,6,7,40,4,6,7,4,6,7,40,6,40,41,4,7,8,4,7,8,40,7,9,22,6,9,10,6,9,10,40,22,40,7,10,7,6,10,7,6,40,11,10,42,11,12,13,11,12,13,40,42,15,11,13,14,11,13,14,11,40,17,16,43,15,16,17,15,16,17,40,43,44,17,17,18,15,17,18,15,40,17,44,45,15,18,19,15,18,19,40,45,18,17,19,20,15,19,20,15,40,18,45,42,20,19,13,20,19,13,40,42,10,18,13,12,20,13,12,20,40,13,12,20,21,22,23,21,22,23,40,20,19,13,23,24,21,23,24,21,40,14,13,19,25,21,24,25,21,24,40,19,21,14,24,26,25,24,26,25,40,11,15,14,11,14,25,11,14,25,40,14,21,11,25,26,11,25,26,11,40,12,22,9,22,10,9,22,10,9,40,9,20,12,9,23,22,9,23,22,40,23,24,5,27,28,29,27,28,29,40,5,4,23,29,30,27,29,30,27,40,25,26,8,31,32,5,31,32,5,40,8,6,25,5,4,31,5,4,31,40,2,3,28,3,2,33,3,2,33,40,28,27,2,33,34,3,33,34,3,40,30,46,47,35,36,37,35,36,37,40,30,47,7,35,37,6,35,37,6,40,30,7,8,35,6,5,35,6,5,40,35,9,7,38,9,6,38,9,6,40,7,47,35,6,37,38,6,37,38,40,48,10,11,39,12,11,39,12,11,40,11,34,48,11,40,39,11,40,39,40,49,50,16,41,42,16,41,42,16,40,16,17,49,16,15,41,16,15,41,40,49,17,18,41,15,20,41,15,20,40,18,51,49,20,43,41,20,43,41,40,51,18,10,43,20,12,43,20,12,40,10,48,51,12,39,43,12,39,43,40,20,32,31,23,44,45,23,44,45,40,31,19,20,45,24,23,45,24,23,40,19,31,33,24,45,46,24,45,46,40,33,21,19,46,26,24,46,26,24,40,21,33,34,26,46,40,26,46,40,40,34,11,21,40,11,26,40,11,26,40,9,35,32,9,38,44,9,38,44,40,32,20,9,44,23,9,44,23,9,40,23,4,29,27,30,47,27,30,47,40,29,36,23,47,48,27,47,48,27,40,36,29,37,48,47,49,48,47,49,40,38,30,8,50,35,5,50,35,5,40,8,26,38,5,32,50,5,32,50,40,2,4,5,3,30,29,3,30,29,40,1,2,5,0,3,29,0,3,29,40,39,1,5,51,0,29,51,0,29,40,27,37,29,34,49,47,34,49,47,40,29,4,2,47,30,3,47,30,3,40,27,29,2,34,47,3,34,47,3,40,24,39,5,28,51,29,28,51,29,40,38,46,30,50,36,35,50,36,35,40,41,25,6,8,31,4,8,31,4],
    "uvs":[[0.874089,0.603056,0.82317,0.628519,0.840212,0.704428,0.890849,0.679397,0.06677,0.600845,0.074663,0.636625,0.109654,0.657395,0.090866,0.576258,0.056129,0.554362,0.153075,0.678874,0.134681,0.599249,0.45897,0.74542,0.555961,0.748697,0.538332,0.670919,0.441226,0.667467,0.743856,0.732116,0.8334,0.707092,0.816464,0.631162,0.72676,0.65584,0.633682,0.667694,0.651037,0.744696,0.240717,0.636637,0.188455,0.620814,0.206543,0.699422,0.258608,0.714621,0.342267,0.656977,0.360037,0.734764,0.963938,0.618909,0.950405,0.590589,0.921253,0.617975,0.929039,0.653106,0.03257,0.576931,0.033749,0.607543,0.851788,0.756537,0.902696,0.731028,0.081039,0.664676,0.08527,0.684718,0.119989,0.706532,0.163777,0.729404,0.567158,0.799866,0.47012,0.796716,0.755452,0.784182,0.845088,0.759202,0.66244,0.796341,0.217517,0.750819,0.269746,0.76649,0.371228,0.786527,0.93541,0.6813,0.964593,0.654053,0.940086,0.704141,0.04685,0.640807,0.911484,0.576202]],
    "metadata":{
        "generator":"io_three",
        "type":"Geometry",
        "vertices":52,
        "normals":52,
        "version":3,
        "faces":64,
        "uvs":1
    },
    "name":"youhoubas0Geometry"
}