{
    "vertices":[-0.013635,0.023899,-0.078341,-0.028171,0.023045,-0.078317,-0.028324,0.022166,-0.078801,-0.013783,0.023022,-0.078828,-0.071948,0.019983,-0.078296,-0.071777,0.020863,-0.077817,-0.07223,0.020847,-0.077806,-0.072401,0.019966,-0.078286,-0.057242,0.021522,-0.078055,-0.057407,0.020642,-0.078535,-0.042706,0.022249,-0.078223,-0.042866,0.02137,-0.078704,0.0153,0.024885,-0.078682,0.029841,0.025886,-0.07851,0.029971,0.026762,-0.078011,0.015435,0.025762,-0.078188,0.000758,0.02393,-0.078788,0.0009,0.024807,-0.078298,0.030396,0.026793,-0.078004,0.030483,0.027121,-0.076646,0.03006,0.02709,-0.076653,0.015786,0.026111,-0.076827,0.001352,0.025165,-0.076938,-0.013082,0.024266,-0.076981,-0.027516,0.023419,-0.076957,-0.041948,0.02263,-0.076863,-0.056381,0.021908,-0.076694,-0.071574,0.021227,-0.076438,-0.072019,0.019613,-0.077331,-0.057931,0.019595,-0.075888,-0.072473,0.019596,-0.077324,-0.04326,0.020323,-0.076056,-0.028605,0.021131,-0.076153,-0.01396,0.022006,-0.07618,0.000677,0.022942,-0.07614,0.015311,0.02393,-0.076034,0.029864,0.025677,-0.07791,-0.072023,0.021227,-0.076425,0.030267,0.025916,-0.078504,0.030291,0.025707,-0.077903,0.030396,0.026793,-0.078004,0.030483,0.027121,-0.076646,0.030267,0.025916,-0.078504,0.030291,0.025707,-0.077903,-0.07223,0.020847,-0.077806,-0.072401,0.019966,-0.078286,-0.072473,0.019596,-0.077324,-0.072023,0.021227,-0.076425],
    "normals":[-0.047212,0.79281,-0.607593,-0.047517,0.794305,-0.60564,0.021455,-0.341441,-0.939634,0.015534,-0.340678,-0.940031,-0.003906,-0.344798,-0.938658,-0.003113,-0.445418,-0.895291,-0.043001,0.760094,-0.648366,-0.04236,0.7875,-0.614826,-0.045717,0.790979,-0.610096,0.003204,-0.341472,-0.939848,-0.046632,0.791559,-0.609272,0.009308,-0.340861,-0.940031,0.037263,-0.347728,-0.936827,0.032655,-0.34547,-0.937834,-0.047578,0.797479,-0.601459,-0.047731,0.799402,-0.598834,0.027253,-0.34315,-0.938871,-0.047548,0.795801,-0.603656,-0.050356,0.824274,-0.563921,-0.065035,0.970946,-0.23014,-0.066042,0.970946,-0.229926,-0.063051,0.970489,-0.232643,-0.061068,0.970031,-0.235084,-0.05887,0.969634,-0.237342,-0.056368,0.969237,-0.239479,-0.053438,0.968902,-0.241493,-0.05005,0.968627,-0.243355,-0.028108,0.967681,-0.250557,0.038789,-0.931791,-0.360881,0.032136,-0.933714,-0.356548,0.028352,-0.933714,-0.356792,0.044984,-0.931303,-0.3614,0.051393,-0.932005,-0.358776,0.057161,-0.933592,-0.35371,0.062441,-0.93585,-0.346751,0.067141,-0.938414,-0.338847,0.070956,-0.941404,-0.32963,-0.011628,0.966857,-0.255013,0.034761,-0.291238,-0.955992,0.071596,-0.941435,-0.329447,0.994049,-0.094058,-0.054537,0.991302,-0.127232,-0.032685,0.993316,-0.105014,-0.047334,0.994873,-0.076632,-0.06592,-0.977172,0.203589,0.060121,-0.985168,0.130528,0.11127,-0.975341,0.214331,0.052461,-0.967071,0.253334,0.024354],
    "faces":[40,1,0,3,0,1,2,0,1,2,40,3,2,1,2,3,0,2,3,0,40,4,7,6,4,5,6,4,5,6,40,6,5,4,6,7,4,6,7,4,40,5,8,9,7,8,9,7,8,9,40,9,4,5,9,4,7,9,4,7,40,8,10,11,8,10,11,8,10,11,40,11,9,8,11,9,8,11,9,8,40,10,1,2,10,0,3,10,0,3,40,2,11,10,3,11,10,3,11,10,40,13,12,15,12,13,14,12,13,14,40,15,14,13,14,15,12,14,15,12,40,16,17,15,16,17,14,16,17,14,40,15,12,16,14,13,16,14,13,16,40,0,16,3,1,16,2,1,16,2,40,0,17,16,1,17,16,1,17,16,40,18,14,20,18,15,19,18,15,19,40,20,19,18,19,20,18,19,20,18,40,14,15,21,15,14,21,15,14,21,40,21,20,14,21,19,15,21,19,15,40,15,17,22,14,17,22,14,17,22,40,22,21,15,22,21,14,22,21,14,40,17,0,23,17,1,23,17,1,23,40,23,22,17,23,22,17,23,22,17,40,0,1,24,1,0,24,1,0,24,40,0,24,23,1,24,23,1,24,23,40,1,10,25,0,10,25,0,10,25,40,25,24,1,25,24,0,25,24,0,40,10,8,26,10,8,26,10,8,26,40,26,25,10,26,25,10,26,25,10,40,8,5,27,8,7,27,8,7,27,40,27,26,8,27,26,8,27,26,8,40,9,29,28,9,28,29,9,28,29,40,28,4,9,29,4,9,29,4,9,40,7,4,28,5,4,29,5,4,29,40,28,30,7,29,30,5,29,30,5,40,11,31,29,11,31,28,11,31,28,40,29,9,11,28,9,11,28,9,11,40,2,32,31,3,32,31,3,32,31,40,31,11,2,31,11,3,31,11,3,40,3,33,32,2,33,32,2,33,32,40,32,2,3,32,3,2,32,3,2,40,16,34,33,16,34,33,16,34,33,40,33,3,16,33,2,16,33,2,16,40,12,35,34,13,35,34,13,35,34,40,34,16,12,34,16,13,34,16,13,40,13,36,35,12,36,35,12,36,35,40,35,12,13,35,13,12,35,13,12,40,5,6,37,7,6,37,7,6,37,40,37,27,5,37,27,7,37,27,7,40,14,18,38,15,18,38,15,18,38,40,38,13,14,38,12,15,38,12,15,40,38,39,36,38,39,36,38,39,36,40,36,13,38,36,12,38,36,12,38,40,42,40,41,38,18,20,40,41,42,40,41,43,42,20,39,38,42,43,40,40,47,44,45,37,6,5,44,45,46,40,45,46,47,5,30,37,46,47,44],
    "uvs":[[0.294933,0.640521,0.339903,0.642376,0.338936,0.636515,0.293947,0.634658,0.159208,0.631662,0.157814,0.631668,0.158855,0.637544,0.160249,0.637531,0.205104,0.638067,0.20408,0.6322,0.249999,0.639064,0.248994,0.633199,0.474077,0.644088,0.429003,0.641257,0.429933,0.647114,0.474987,0.649943,0.383955,0.638725,0.384904,0.644583,0.476307,0.650037,0.475953,0.652155,0.477263,0.652249,0.431211,0.649366,0.386496,0.64687,0.341811,0.644692,0.297158,0.642862,0.252541,0.641421,0.207964,0.640433,0.163427,0.639898,0.201862,0.625304,0.156548,0.624891,0.155137,0.624905,0.247171,0.626269,0.29248,0.627774,0.337797,0.629739,0.383126,0.632106,0.428475,0.634831,0.473848,0.63788,0.162042,0.63991,0.475397,0.644176,0.475177,0.637974]],
    "metadata":{
        "generator":"io_three",
        "type":"Geometry",
        "vertices":48,
        "normals":48,
        "version":3,
        "faces":58,
        "uvs":1
    },
    "name":"youqiandugGeometry"
}