{
    "vertices":[0.014258,0.014758,-0.088423,0.01549,0.014805,-0.088101,0.015428,0.015299,-0.088195,0.014205,0.015252,-0.088509,0.016394,0.015316,-0.087848,0.01642,0.015079,-0.087841,-0.001644,0.013209,-0.08665,-0.001049,0.013575,-0.087008,-0.001672,0.013449,-0.086662,-0.000252,0.01372,-0.087374,0.007903,0.014753,-0.088851,0.00586,0.014538,-0.088696,0.00081,0.013378,-0.087626,0.001828,0.013529,-0.087916,0.003868,0.013797,-0.088326,0.00591,0.014035,-0.088588,0.014045,0.015244,-0.088541,0.011995,0.015114,-0.088813,0.009948,0.014946,-0.088897,0.001782,0.014034,-0.088019,0.000764,0.013885,-0.087737,0.00382,0.0143,-0.088429,-0.000207,0.01321,-0.087248,0.017312,0.015308,-0.087395,0.0172,0.015074,-0.087469,-0.002231,0.013077,-0.086259,-0.002386,0.013286,-0.086174,0.015407,0.015722,-0.087917,0.014176,0.015676,-0.088238,0.016379,0.015533,-0.08775,-0.001686,0.013667,-0.086558,0.001744,0.01446,-0.087729,0.000726,0.01431,-0.087438,0.003784,0.014725,-0.08814,0.005827,0.014961,-0.088402,-0.000291,0.014143,-0.08706,0.017159,0.015529,-0.087378,0.01636,0.015736,-0.08756,-0.002272,0.013535,-0.086167,0.016442,0.014819,-0.087745,-0.001003,0.01306,-0.086861,-0.001613,0.012931,-0.086499,0.007954,0.014251,-0.088744,0.0141,0.014751,-0.088455,0.012049,0.014619,-0.088723,0.01,0.014448,-0.088799,-0.001698,0.013866,-0.086311,-0.001088,0.013993,-0.086673,0.007871,0.015176,-0.088558,0.011966,0.015539,-0.088538,0.014018,0.015668,-0.08827,0.009917,0.01537,-0.088613],
    "normals":[0.284402,-0.157201,-0.945708,0.254738,-0.14066,-0.956694,0.237098,0.211402,-0.94818,0.265084,0.212653,-0.940458,-0.449355,-0.286264,-0.846217,-0.534074,0.120365,-0.836787,-0.44966,0.13715,-0.882565,-0.368633,-0.313791,-0.874996,-0.394971,-0.472701,-0.787713,-0.394787,0.147008,-0.906919,-0.337779,-0.259377,-0.904752,-0.120182,0.185858,-0.975188,-0.067965,0.190405,-0.979339,-0.027375,-0.210639,-0.977172,-0.075838,-0.215796,-0.973479,0.067232,0.202307,-0.976989,0.115055,0.206427,-0.971648,0.139317,-0.156987,-0.977691,0.09595,-0.166906,-0.981262,0.023865,-0.189306,-0.981597,-0.010254,0.195288,-0.980682,-0.201361,-0.216193,-0.955351,-0.268014,-0.233436,-0.93469,-0.320353,0.159154,-0.933805,-0.249123,0.16953,-0.95349,-0.135319,-0.211249,-0.967986,-0.180425,0.178869,-0.967162,0.424085,0.215339,-0.879635,0.430342,0.0318,-0.902066,0.383953,-0.134312,-0.913511,0.377361,0.215339,-0.900662,-0.531449,-0.149358,-0.833796,-0.577288,0.110813,-0.808954,0.190802,0.540483,-0.819391,0.221137,0.555345,-0.80166,-0.52092,0.507401,-0.686392,-0.497391,0.663442,-0.558946,-0.447188,0.557298,-0.699576,-0.40846,0.524674,-0.746879,-0.098788,0.562487,-0.820856,-0.146489,0.555773,-0.818293,0.033845,0.545427,-0.837428,0.07532,0.541124,-0.837519,-0.043123,0.554918,-0.830775,-0.336344,0.524613,-0.782037,-0.268502,0.528398,-0.805383,-0.202094,0.539659,-0.817255,0.323283,0.538682,-0.777978,0.397931,0.391522,-0.829646,0.289346,0.668111,-0.685476,-0.577776,0.36433,-0.730338,0.375988,-0.293039,-0.879055],
    "faces":[40,1,0,3,0,1,2,0,1,2,40,3,2,1,2,3,0,2,3,0,40,6,8,7,4,5,6,4,5,6,40,6,7,40,4,6,7,4,6,7,40,6,40,41,4,7,8,4,7,8,40,7,9,22,6,9,10,6,9,10,40,22,40,7,10,7,6,10,7,6,40,11,10,42,11,12,13,11,12,13,40,42,15,11,13,14,11,13,14,11,40,17,16,43,15,16,17,15,16,17,40,43,44,17,17,18,15,17,18,15,40,17,44,45,15,18,19,15,18,19,40,45,18,17,19,20,15,19,20,15,40,18,45,42,20,19,13,20,19,13,40,42,10,18,13,12,20,13,12,20,40,13,12,20,21,22,23,21,22,23,40,20,19,13,23,24,21,23,24,21,40,14,13,19,25,21,24,25,21,24,40,19,21,14,24,26,25,24,26,25,40,11,15,14,11,14,25,11,14,25,40,14,21,11,25,26,11,25,26,11,40,12,22,9,22,10,9,22,10,9,40,9,20,12,9,23,22,9,23,22,40,23,24,5,27,28,29,27,28,29,40,5,4,23,29,30,27,29,30,27,40,25,26,8,31,32,5,31,32,5,40,8,6,25,5,4,31,5,4,31,40,2,3,28,3,2,33,3,2,33,40,28,27,2,33,34,3,33,34,3,40,30,46,47,35,36,37,35,36,37,40,30,47,7,35,37,6,35,37,6,40,30,7,8,35,6,5,35,6,5,40,35,9,7,38,9,6,38,9,6,40,7,47,35,6,37,38,6,37,38,40,48,10,11,39,12,11,39,12,11,40,11,34,48,11,40,39,11,40,39,40,49,50,16,41,42,16,41,42,16,40,16,17,49,16,15,41,16,15,41,40,49,17,18,41,15,20,41,15,20,40,18,51,49,20,43,41,20,43,41,40,51,18,10,43,20,12,43,20,12,40,10,48,51,12,39,43,12,39,43,40,20,32,31,23,44,45,23,44,45,40,31,19,20,45,24,23,45,24,23,40,19,31,33,24,45,46,24,45,46,40,33,21,19,46,26,24,46,26,24,40,21,33,34,26,46,40,26,46,40,40,34,11,21,40,11,26,40,11,26,40,9,35,32,9,38,44,9,38,44,40,32,20,9,44,23,9,44,23,9,40,23,4,29,27,30,47,27,30,47,40,29,36,23,47,48,27,47,48,27,40,36,29,37,48,47,49,48,47,49,40,38,30,8,50,35,5,50,35,5,40,8,26,38,5,32,50,5,32,50,40,2,4,5,3,30,29,3,30,29,40,1,2,5,0,3,29,0,3,29,40,39,1,5,51,0,29,51,0,29,40,27,37,29,34,49,47,34,49,47,40,29,4,2,47,30,3,47,30,3,40,27,29,2,34,47,3,34,47,3,40,38,46,30,50,36,35,50,36,35,40,41,25,6,8,31,4,8,31,4,40,24,39,5,28,51,29,28,51,29],
    "uvs":[[0.866396,0.627553,0.813761,0.645681,0.829598,0.717868,0.881919,0.700065,0.063873,0.600115,0.07132,0.63445,0.104682,0.652224,0.08741,0.575635,0.054379,0.556974,0.146397,0.670887,0.129411,0.595519,0.446494,0.73539,0.542954,0.741761,0.526636,0.667991,0.430064,0.661451,0.731501,0.735986,0.822611,0.719707,0.806881,0.647506,0.715626,0.663478,0.621947,0.669188,0.638038,0.742307,0.232397,0.62922,0.181447,0.614667,0.198199,0.689206,0.248992,0.703245,0.332162,0.649277,0.34864,0.723113,0.958262,0.655944,0.945621,0.626498,0.914553,0.647011,0.921923,0.680782,0.031529,0.579884,0.031772,0.609235,0.841733,0.771037,0.894358,0.752864,0.07782,0.662618,0.082862,0.68462,0.115875,0.7032,0.15785,0.722967,0.554811,0.794257,0.458305,0.788011,0.743669,0.789152,0.834858,0.772884,0.650056,0.79516,0.209853,0.741969,0.26077,0.756373,0.360468,0.776133,0.92839,0.709019,0.959488,0.688642,0.933604,0.733076,0.045485,0.642432,0.905649,0.607797]],
    "metadata":{
        "generator":"io_three",
        "type":"Geometry",
        "vertices":52,
        "normals":52,
        "version":3,
        "faces":64,
        "uvs":1
    },
    "name":"youqianba0Geometry"
}