{
    "vertices":[0.030057,0.02709,-0.075006,-0.070813,0.021254,-0.07481,-0.071712,0.021222,-0.074787,0.015786,0.026111,-0.075181,0.001352,0.025165,-0.075291,-0.013082,0.024266,-0.075334,-0.027515,0.023419,-0.07531,-0.041948,0.02263,-0.075216,-0.056381,0.021908,-0.075047,0.030057,0.02709,-0.076653,-0.070813,0.021254,-0.076457,-0.071712,0.021222,-0.076434,0.015786,0.026111,-0.076827,0.001352,0.025165,-0.076938,-0.013082,0.024266,-0.076981,-0.027515,0.023419,-0.076957,-0.041948,0.02263,-0.076863,-0.056381,0.021908,-0.076694,0.030479,0.02712,-0.074999,0.030479,0.02712,-0.076646],
    "normals":[0.07007,-0.997528,0,0.071688,-0.997406,0,0.07004,-0.997528,0,0.066897,-0.997742,0,0.035768,-0.999359,0,0.04059,-0.999146,0,0.040468,-0.999176,0,0.063753,-0.997955,0,0.063784,-0.997955,0,0.060366,-0.998169,0,0.056581,-0.998383,0,0.052278,-0.998627,0,0.052248,-0.998627,0,0.047639,-0.99884,0,0.047578,-0.99884,0],
    "faces":[40,0,19,18,0,1,2,0,1,1,40,0,9,19,0,3,1,0,2,1,40,0,12,9,0,4,3,0,3,2,40,0,3,12,0,5,4,0,3,3,40,11,10,1,6,7,8,4,5,6,40,1,2,11,8,9,6,6,4,4,40,13,12,3,10,4,5,7,3,3,40,3,4,13,5,11,10,3,8,7,40,14,13,4,12,10,11,9,7,8,40,4,5,14,11,13,12,8,9,9,40,15,14,5,14,12,13,10,9,9,40,5,6,15,13,15,14,9,10,10,40,16,15,6,16,14,15,11,10,10,40,6,7,16,15,17,16,10,12,11,40,17,16,7,18,16,17,13,11,12,40,7,8,17,17,19,18,12,14,13,40,10,17,8,7,18,19,5,13,14,40,8,1,10,19,8,7,14,6,5],
    "uvs":[[0.431828,0.013178,0.433099,0.00225,0.433099,0.013227,0.431828,0.002201,0.388423,0.001023,0.388423,0.012,0.125321,0.003645,0.128024,0.003496,0.128024,0.014473,0.125321,0.014622,0.34502,0.000288,0.34502,0.011265,0.301618,0,0.301618,0.010977,0.258218,0.000161,0.258218,0.011138,0.214819,0.000788,0.214819,0.011765,0.171421,0.001911,0.171421,0.012888]],
    "metadata":{
        "generator":"io_three",
        "type":"Geometry",
        "vertices":20,
        "normals":15,
        "version":3,
        "faces":18,
        "uvs":1
    },
    "name":"menchuangjGeometry"
}