{
    "vertices":[-0.053421,0.031476,-0.073527,-0.062468,0.031476,-0.073287,-0.062468,0.025451,-0.07515,-0.053421,0.025451,-0.07536,-0.048663,0.031476,-0.07362,-0.050067,0.025451,-0.075403,-0.047259,0.0375,-0.071592,-0.053421,0.0375,-0.071394,-0.06938,0.025451,-0.0749,-0.067244,0.031476,-0.073128,-0.066417,0.033809,-0.07237,-0.062468,0.036164,-0.071643,-0.060227,0.0375,-0.0712,-0.053421,0.041558,-0.069788,-0.045855,0.043524,-0.069358,-0.050123,0.043524,-0.069112,-0.045167,0.04648,-0.068202,-0.053421,0.021305,-0.076447,-0.051001,0.021445,-0.076439,-0.062468,0.02078,-0.076401,-0.07114,0.020487,-0.076197],
    "normals":[-0.025849,0.312601,-0.949522,-0.021668,0.312082,-0.949797,-0.017792,0.272683,-0.961913,-0.027772,0.276345,-0.960631,-0.021943,0.311624,-0.949919,-0.013977,0.273965,-0.961608,-0.0271,0.349681,-0.93646,-0.034944,0.347667,-0.936949,-0.033418,0.274239,-0.961058,-0.032502,0.304117,-0.952055,-0.027833,0.324412,-0.945494,-0.015107,0.330943,-0.94351,-0.022675,0.340007,-0.940123,-0.028108,0.367809,-0.929441,-0.042695,0.365734,-0.929716,-0.053529,0.367443,-0.928495,-0.053346,0.374645,-0.925626,-0.011933,0.253365,-0.967284,-0.016724,0.254433,-0.966918,-0.026917,0.259529,-0.965331,-0.031617,0.26307,-0.964232],
    "faces":[40,1,0,3,0,1,2,0,1,2,40,3,2,1,2,3,0,2,3,0,40,0,4,5,1,4,5,1,4,5,40,0,5,3,1,5,2,1,5,2,40,7,6,4,6,7,4,6,7,4,40,4,0,7,4,1,6,4,1,6,40,2,8,9,3,8,9,3,8,9,40,9,1,2,9,0,3,9,0,3,40,10,11,1,10,11,0,10,11,0,40,1,9,10,0,9,10,0,9,10,40,0,12,7,1,12,6,1,12,6,40,12,0,1,12,1,0,12,1,0,40,11,12,1,11,12,0,11,12,0,40,12,13,7,12,13,6,12,13,6,40,15,14,6,14,15,7,14,15,7,40,15,6,7,14,7,6,14,7,6,40,13,15,7,13,14,6,13,14,6,40,15,16,14,14,16,15,14,16,15,40,3,5,18,2,5,17,2,5,17,40,18,17,3,17,18,2,17,18,2,40,17,19,2,18,19,3,18,19,3,40,2,3,17,3,2,18,3,2,18,40,19,20,8,19,20,8,19,20,8,40,8,2,19,8,3,19,8,3,19],
    "uvs":[[0.139421,0.977425,0.167165,0.979029,0.167165,0.991299,0.139421,0.989896,0.181755,0.979657,0.17745,0.991592,0.167165,0.964751,0.186061,0.966081,0.118226,0.988222,0.124775,0.976362,0.127312,0.971287,0.139421,0.966418,0.146294,0.963457,0.167165,0.954002,0.177279,0.94948,0.190366,0.951127,0.192478,0.943387,0.174587,0.998523,0.167165,0.998578,0.139421,0.99827,0.11283,0.996901]],
    "metadata":{
        "generator":"io_three",
        "type":"Geometry",
        "vertices":21,
        "normals":21,
        "version":3,
        "faces":24,
        "uvs":1
    },
    "name":"youqianbolGeometry"
}