{
    "vertices":[-0.084916,0.026737,0.006123,-0.083183,0.027369,0.005931,-0.083228,0.027177,-0.002126,-0.084916,0.02656,-0.002168,-0.083274,0.027001,-0.010169,-0.080222,0.027357,-0.002181,-0.080346,0.027226,-0.009766,-0.084915,0.026383,-0.010459,-0.080101,0.027603,0.00552,-0.076332,0.027739,0.004887,-0.076545,0.027466,-0.002256,-0.076764,0.027364,-0.009117,-0.073319,0.027778,0.003955,-0.073318,0.027551,-0.002322,-0.073426,0.02744,-0.008164,-0.07008,0.027673,0.00171,-0.069783,0.02766,-0.002452,-0.070271,0.027525,-0.006345,-0.084164,0.026995,0.001952,-0.081913,0.027219,-0.006073,-0.084184,0.026815,-0.00623,-0.081837,0.027406,0.001802,-0.078286,0.027533,0.001486,-0.078475,0.027344,-0.005861,-0.074847,0.027628,0.001093,-0.074986,0.027443,-0.005535,-0.071625,0.027669,0.000248,-0.071678,0.027541,-0.004885,-0.084153,0.027086,0.006043,-0.083206,0.027271,0.001902,-0.084174,0.026905,-0.002139,-0.084916,0.026648,0.001977,-0.083251,0.027087,-0.006149,-0.081875,0.027303,-0.002144,-0.080284,0.027281,-0.005983,-0.081952,0.027147,-0.009992,-0.084195,0.026724,-0.01032,-0.084915,0.026471,-0.006313,-0.081799,0.027521,0.005757,-0.080161,0.02747,0.00166,-0.078192,0.027679,0.005223,-0.076438,0.027588,0.001292,-0.07838,0.027413,-0.00222,-0.076654,0.0274,-0.00571,-0.078571,0.027301,-0.00947,-0.07478,0.027775,0.004534,-0.07331,0.027655,0.00078,-0.074915,0.027508,-0.002285,-0.073363,0.027486,-0.005279,-0.075058,0.027405,-0.008721,-0.071731,0.027737,0.002941,-0.069866,0.027677,-0.000394,-0.071585,0.027603,-0.002381,-0.069962,0.027603,-0.004421,-0.071838,0.027481,-0.007325],
    "normals":[-0.417554,0.908414,-0.019044,-0.349437,0.936735,-0.019959,-0.419324,0.90762,-0.019196,-0.354411,0.934843,-0.020142,-0.190527,0.981384,-0.02295,-0.203742,0.978759,-0.022462,-0.185736,0.98233,-0.021912,-0.34962,0.936674,-0.019959,-0.421125,0.906766,-0.019349,-0.067293,0.997528,-0.019501,-0.078982,0.996734,-0.016327,-0.204352,0.978698,-0.018738,-0.188757,0.98178,-0.020417,-0.063631,0.997681,-0.023927,-0.032502,0.999176,-0.024201,-0.036378,0.999176,-0.016724,-0.044038,0.998932,-0.013947,-0.352,0.935759,-0.019684,-0.36317,0.931516,-0.019135,-0.424879,0.905026,-0.018952,-0.422956,0.905911,-0.019166,-0.07065,0.997101,-0.027345,-0.083224,0.996185,-0.026093,-0.046419,0.998352,-0.032838,-0.03766,0.998779,-0.03122,-0.035279,0.998779,-0.034394,-0.041871,0.998352,-0.038759,-0.031983,0.998779,-0.036988,-0.036317,0.998474,-0.041169,-0.028047,0.999268,-0.025666,-0.030519,0.999237,-0.024323,-0.031678,0.99939,-0.014496,-0.026704,0.999542,-0.014191,-0.02768,0.999542,-0.010376,-0.035829,0.999268,-0.012238,-0.028016,0.998871,-0.038148,-0.027772,0.998749,-0.041139,-0.022553,0.999084,-0.035676,-0.012329,0.999268,-0.036012,-0.028657,0.999176,-0.028108,-0.026948,0.999237,-0.027314,-0.023408,0.999573,-0.01587,-0.024751,0.999481,-0.01944,-0.018464,0.999725,-0.013672,-0.020417,0.999725,-0.010804,-0.015015,0.999542,-0.025452,0.011078,0.999725,-0.020569,-0.002197,0.999939,-0.010437,0.042879,0.999054,0.006043,-0.027833,0.999329,-0.022645,-0.030244,0.999176,-0.026185,-0.026124,0.999329,-0.025269,-0.028962,0.999146,-0.028932,-0.018525,0.99939,-0.028779,-0.018525,0.999603,-0.019807],
    "faces":[40,0,18,31,0,1,2,0,1,2,40,0,28,18,0,3,1,0,3,1,40,29,18,28,4,1,3,4,1,3,40,28,1,29,3,5,4,3,5,4,40,18,29,2,1,4,6,1,4,6,40,2,30,18,6,7,1,6,7,1,40,31,18,30,2,1,7,2,1,7,40,30,3,31,7,8,2,7,8,2,40,19,35,4,9,10,11,9,10,11,40,4,32,19,11,12,9,11,12,9,40,33,19,32,13,9,12,13,9,12,40,32,2,33,12,6,13,12,6,13,40,19,33,5,9,13,14,9,13,14,40,5,34,19,14,15,9,14,15,9,40,35,19,34,10,9,15,10,9,15,40,34,6,35,15,16,10,15,16,10,40,20,30,2,17,7,6,17,7,6,40,2,32,20,6,12,17,6,12,17,40,36,20,32,18,17,12,18,17,12,40,32,4,36,12,11,18,12,11,18,40,20,36,7,17,18,19,17,18,19,40,7,37,20,19,20,17,19,20,17,40,30,20,37,7,17,20,7,17,20,40,37,3,30,20,8,7,20,8,7,40,21,33,2,21,13,6,21,13,6,40,2,29,21,6,4,21,6,4,21,40,38,21,29,22,21,4,22,21,4,40,29,1,38,4,5,22,4,5,22,40,21,38,8,21,22,23,21,22,23,40,8,39,21,23,24,21,23,24,21,40,33,21,39,13,21,24,13,21,24,40,39,5,33,24,14,13,24,14,13,40,22,39,8,25,24,23,25,24,23,40,8,40,22,23,26,25,23,26,25,40,41,22,40,27,25,26,27,25,26,40,40,9,41,26,28,27,26,28,27,40,22,41,10,25,27,29,25,27,29,40,10,42,22,29,30,25,29,30,25,40,39,22,42,24,25,30,24,25,30,40,42,5,39,30,14,24,30,14,24,40,23,34,5,31,15,14,31,15,14,40,5,42,23,14,30,31,14,30,31,40,43,23,42,32,31,30,32,31,30,40,42,10,43,30,29,32,30,29,32,40,23,43,11,31,32,33,31,32,33,40,11,44,23,33,34,31,33,34,31,40,34,23,44,15,31,34,15,31,34,40,44,6,34,34,16,15,34,16,15,40,24,41,9,35,27,28,35,27,28,40,9,45,24,28,36,35,28,36,35,40,46,24,45,37,35,36,37,35,36,40,45,12,46,36,38,37,36,38,37,40,24,46,13,35,37,39,35,37,39,40,13,47,24,39,40,35,39,40,35,40,41,24,47,27,35,40,27,35,40,40,47,10,41,40,29,27,40,29,27,40,25,43,10,41,32,29,41,32,29,40,10,47,25,29,40,41,29,40,41,40,48,25,47,42,41,40,42,41,40,40,47,13,48,40,39,42,40,39,42,40,25,48,14,41,42,43,41,42,43,40,14,49,25,43,44,41,43,44,41,40,43,25,49,32,41,44,32,41,44,40,49,11,43,44,33,32,44,33,32,40,26,46,12,45,37,38,45,37,38,40,12,50,26,38,46,45,38,46,45,40,51,26,50,47,45,46,47,45,46,40,50,15,51,46,48,47,46,48,47,40,26,51,16,45,47,49,45,47,49,40,16,52,26,49,50,45,49,50,45,40,46,26,52,37,45,50,37,45,50,40,52,13,46,50,39,37,50,39,37,40,27,48,13,51,42,39,51,42,39,40,13,52,27,39,50,51,39,50,51,40,53,27,52,52,51,50,52,51,50,40,52,16,53,50,49,52,50,49,52,40,27,53,17,51,52,53,51,52,53,40,17,54,27,53,54,51,53,54,51,40,48,27,54,42,51,54,42,51,54,40,54,14,48,54,43,42,54,43,42],
    "uvs":[[0.166111,0.159949,0.132752,0.155403,0.132955,0.159949,0.165472,0.15534,0.13235,0.149615,0.164581,0.149478,0.100137,0.149753,0.100032,0.155467,0.099799,0.159949,0.068567,0.141808,0.03722,0.142044,0.035801,0.150029,0.06796,0.149891,0.099986,0.141574,0.099697,0.13159,0.069285,0.131964,0.039027,0.13234,0.067312,0.15553,0.034592,0.155594,0.033488,0.159948,0.066643,0.159948,0.131549,0.141342,0.163184,0.141112,0.161291,0.130855,0.130417,0.131222,0.129022,0.11989,0.158915,0.119322,0.127472,0.108728,0.156228,0.108083,0.099093,0.109377,0.099385,0.120462,0.070263,0.121039,0.071468,0.110036,0.04422,0.110698,0.041397,0.121619,0.125877,0.099114,0.153405,0.098709,0.123381,0.089828,0.148774,0.089884,0.098567,0.089881,0.098861,0.099527,0.072866,0.099957,0.074914,0.090153,0.051842,0.090534,0.047383,0.100395,0.119125,0.079649,0.140664,0.080292,0.11399,0.069025,0.130813,0.070316,0.097525,0.068524,0.098092,0.079409,0.078069,0.079973,0.081778,0.069605,0.066389,0.071476,0.058553,0.080938]],
    "metadata":{
        "generator":"io_three",
        "type":"Geometry",
        "vertices":55,
        "normals":55,
        "version":3,
        "faces":80,
        "uvs":1
    },
    "name":"qianlabaGeometry"
}