{
    "vertices":[-0.042936,0.028469,0.09712,-0.044172,0.028385,0.097175,-0.045125,0.028312,0.0971,-0.046057,0.028235,0.096934,-0.048636,0.027999,0.095979,-0.050824,0.027737,0.09457,-0.052758,0.027497,0.092883,-0.05455,0.027246,0.090911,-0.056236,0.026929,0.088724,-0.0579,0.026315,0.086333,-0.058231,0.025962,0.085835,-0.05847,0.025615,0.08546,-0.058508,0.025361,0.085368,-0.058391,0.025229,0.085503,-0.057764,0.025309,0.086378,-0.056145,0.025568,0.088621,-0.054318,0.025856,0.090908,-0.05247,0.026101,0.092874,-0.050552,0.026341,0.094477,-0.048339,0.026584,0.095796,-0.046216,0.026785,0.096542,-0.044893,0.026894,0.096761,-0.044018,0.026961,0.096804,-0.042851,0.027039,0.096729,-0.041699,0.027116,0.096527,-0.040576,0.027179,0.096217,-0.039738,0.027259,0.095728,-0.03963,0.028658,0.09607,-0.040463,0.028605,0.096573,-0.0417,0.028542,0.096917],
    "name":"zuohoushi0Geometry",
    "normals":[0.38847,-0.252235,0.886258,0.395917,-0.250343,0.88348,0.223701,-0.25425,0.940886,0.22721,-0.256996,0.939299,0.129765,-0.257271,0.957549,0.119053,-0.251045,0.960601,0.02237,-0.253914,0.966948,0.004913,-0.245796,0.969298,-0.089022,-0.248848,0.964415,-0.105045,-0.247383,0.963195,-0.219611,-0.235115,0.946806,-0.243599,-0.222694,0.943937,-0.409131,-0.196265,0.891079,-0.396283,-0.199408,0.896176,-0.564592,-0.173803,0.806848,-0.575701,-0.159429,0.801935,-0.67214,-0.150182,0.725028,-0.68041,-0.140446,0.719199,-0.748589,-0.126713,0.650777,-0.751854,-0.126713,0.646992,-0.787164,-0.103641,0.607959,-0.789514,-0.096835,0.606006,-0.803827,-0.086367,0.588519,-0.805017,-0.082125,0.587481,-0.799249,-0.091861,0.59389,-0.79577,-0.096744,0.597797,-0.796075,-0.096255,0.59743,-0.795465,-0.096011,0.598315,0.50856,-0.244545,0.825556,0.512497,-0.241432,0.82403],
    "faces":[40,25,28,29,0,1,2,0,1,2,40,29,24,25,2,3,0,2,3,0,40,23,24,29,4,3,2,4,3,2,40,29,0,23,2,5,4,2,5,4,40,0,22,23,5,6,4,5,6,4,40,0,1,22,5,7,6,5,7,6,40,21,22,1,8,6,7,8,6,7,40,1,2,21,7,9,8,7,9,8,40,21,2,3,8,9,10,8,9,10,40,3,20,21,10,11,8,10,11,8,40,20,3,4,11,10,12,11,10,12,40,4,19,20,12,13,11,12,13,11,40,18,19,4,14,13,12,14,13,12,40,4,5,18,12,15,14,12,15,14,40,17,18,5,16,14,15,16,14,15,40,5,6,17,15,17,16,15,17,16,40,16,17,6,18,16,17,18,16,17,40,6,7,16,17,19,18,17,19,18,40,16,7,8,18,19,20,18,19,20,40,8,15,16,20,21,18,20,21,18,40,15,8,9,21,20,22,21,20,22,40,9,14,15,22,23,21,22,23,21,40,13,14,9,24,23,22,24,23,22,40,13,9,10,24,22,25,24,22,25,40,13,10,11,24,25,26,24,25,26,40,12,13,11,27,24,26,27,24,26,40,28,25,26,1,0,28,1,0,28,40,26,27,28,28,29,1,28,29,1],
    "metadata":{
        "version":3,
        "type":"Geometry",
        "vertices":30,
        "normals":30,
        "faces":28,
        "generator":"io_three",
        "uvs":1
    },
    "uvs":[[0.958546,0.928162,0.968923,0.980003,0.931761,0.978917,0.924896,0.925386,0.883126,0.924457,0.88692,0.978829,0.838169,0.923383,0.839104,0.979075,0.80235,0.922929,0.799869,0.978693,0.759698,0.978253,0.745195,0.922391,0.638193,0.975834,0.645546,0.920764,0.530864,0.919942,0.522943,0.97488,0.42216,0.919951,0.412006,0.973542,0.308957,0.920726,0.301003,0.972976,0.189956,0.967678,0.190131,0.920651,0.076094,0.950844,0.080259,0.920137,0.03934,0.919448,0.053719,0.938424,0.037643,0.926842,0.035491,0.921436,0.977203,0.931546,0.986961,0.979567]]
}