{
    "vertices":[0.030693,0.025946,0.074576,0.122676,0.033246,0.071853,0.030822,0.026824,0.074075,0.122428,0.034075,0.071332,0.109341,0.032943,0.071894,0.096254,0.031844,0.072398,0.083168,0.030779,0.072843,0.070081,0.029743,0.073234,0.056995,0.028741,0.073566,0.043908,0.027768,0.073846,0.043833,0.026897,0.07435,0.056974,0.027877,0.074072,0.070114,0.028886,0.073742,0.083255,0.02993,0.073354,0.096395,0.031002,0.072912,0.109535,0.032108,0.072411,0.030734,0.025596,0.073565,0.123101,0.032878,0.070427,0.044023,0.026015,0.071702,0.05725,0.02703,0.071425,0.07048,0.028075,0.071094,0.083716,0.029154,0.070706,0.096959,0.030259,0.070264,0.110208,0.031396,0.069763,0.030906,0.027151,0.072717,0.122282,0.03436,0.069959,0.109058,0.033219,0.070533,0.096057,0.032132,0.071038,0.083058,0.031078,0.071482,0.070059,0.030052,0.071873,0.05706,0.02906,0.072205,0.044063,0.028097,0.072485,0.030307,0.025562,0.073562,0.030267,0.025916,0.074582,0.030396,0.026793,0.074082,0.030483,0.027121,0.072724,0.122726,0.034403,0.069934,0.122874,0.034118,0.071307,0.123122,0.033289,0.07183,0.123545,0.032924,0.070415,0.123122,0.033289,0.07183,0.123545,0.032924,0.070415,0.122726,0.034403,0.069934,0.122726,0.034403,0.069934,0.122874,0.034118,0.071307,0.123122,0.033289,0.07183,0.030307,0.025562,0.073562,0.030267,0.025916,0.074582,0.030267,0.025916,0.074582,0.030396,0.026793,0.074082],
    "normals":[0.058901,-0.354289,0.933256,-0.046052,0.808893,0.586108,-0.04651,0.806238,0.589709,0.053865,-0.353496,0.933866,0.068484,-0.354503,0.932524,0.07593,-0.353099,0.932463,-0.046419,0.816126,0.575945,-0.04593,0.814142,0.578784,0.063601,-0.355083,0.932646,-0.045961,0.811243,0.582842,-0.047731,0.800256,0.597705,0.039796,-0.347819,0.936705,0.043916,-0.349467,0.935911,-0.047121,0.80224,0.595111,0.048982,-0.351329,0.934965,-0.046785,0.804315,0.592334,-0.04593,0.776116,0.628864,0.042238,-0.41142,0.910459,-0.078677,0.974273,0.211035,-0.074129,0.974181,0.213172,-0.07242,0.973632,0.216254,-0.070772,0.973113,0.219123,-0.06946,0.972564,0.221931,-0.067995,0.972045,0.224677,-0.066652,0.971526,0.227302,-0.066012,0.971007,0.229621,-0.04471,0.804773,0.591876,-0.082186,0.973937,0.21131,0.072939,-0.941618,0.328593,0.076144,-0.944517,0.319437,0.080081,-0.947172,0.310465,0.083621,-0.949675,0.301798,0.087039,-0.951933,0.293649,0.090396,-0.953825,0.286416,0.093814,-0.95526,0.280374,0.101169,-0.955657,0.276528,0.071718,-0.941496,0.329234,-0.478439,0.861171,0.171636,0.092257,-0.509537,0.855464,0.105228,-0.954924,0.277444,0.85049,0.511338,0.123051,0.965239,0.256294,-0.050752,-0.994873,0.076632,-0.06592,-0.991302,0.127232,-0.032685],
    "faces":[40,13,6,7,0,1,2,0,1,2,40,7,12,13,2,3,0,2,3,0,40,15,1,3,4,5,6,4,5,6,40,3,4,15,6,7,4,6,7,4,40,14,15,4,8,4,7,8,4,7,40,4,5,14,7,9,8,7,9,8,40,13,14,5,0,8,9,0,8,9,40,5,6,13,9,1,0,9,1,0,40,2,0,10,10,11,12,10,11,12,40,10,9,2,12,13,10,12,13,10,40,9,10,11,13,12,14,13,12,14,40,11,8,9,14,15,13,14,15,13,40,8,11,12,15,14,3,15,14,3,40,12,7,8,3,2,15,3,2,15,40,0,2,34,11,10,16,11,10,16,40,0,34,33,11,16,17,11,16,17,40,4,3,25,7,6,18,7,6,18,40,25,26,4,18,19,7,18,19,7,40,5,4,26,9,7,19,9,7,19,40,26,27,5,19,20,9,19,20,9,40,6,5,27,1,9,20,1,9,20,40,27,28,6,20,21,1,20,21,1,40,6,28,29,1,21,22,1,21,22,40,29,7,6,22,2,1,22,2,1,40,7,29,30,2,22,23,2,22,23,40,30,8,7,23,15,2,23,15,2,40,8,30,31,15,23,24,15,23,24,40,31,9,8,24,13,15,24,13,15,40,9,31,24,13,24,25,13,24,25,40,24,2,9,25,10,13,25,10,13,40,3,37,36,6,26,27,6,26,27,40,36,25,3,27,18,6,27,18,6,40,10,0,16,12,11,28,12,11,28,40,16,18,10,28,29,12,28,29,12,40,11,10,18,14,12,29,14,12,29,40,18,19,11,29,30,14,29,30,14,40,12,11,19,3,14,30,3,14,30,40,19,20,12,30,31,3,30,31,3,40,13,12,20,0,3,31,0,3,31,40,20,21,13,31,32,0,31,32,0,40,14,13,21,8,0,32,8,0,32,40,21,22,14,32,33,8,32,33,8,40,15,14,22,4,8,33,4,8,33,40,22,23,15,33,34,4,33,34,4,40,1,15,23,5,4,34,5,4,34,40,23,17,1,34,35,5,34,35,5,40,0,33,32,11,17,36,11,17,36,40,0,32,16,11,36,28,11,36,28,40,2,24,35,10,25,37,10,25,37,40,35,34,2,37,16,10,37,16,10,40,37,3,1,26,6,5,26,6,5,40,1,38,37,5,38,26,5,38,26,40,38,1,17,38,5,35,38,5,35,40,17,39,38,35,39,38,35,39,38,40,40,41,42,39,27,26,40,40,40,40,43,44,45,26,38,39,41,41,41,40,35,46,47,37,17,16,37,42,42,40,48,49,35,16,36,37,43,43,37],
    "uvs":[[0.639858,0.656972,0.640092,0.662706,0.599447,0.659242,0.599045,0.653474,0.721538,0.664576,0.762407,0.668712,0.762134,0.674346,0.721434,0.670243,0.680688,0.660659,0.680753,0.666359,0.477627,0.650132,0.476717,0.644263,0.517476,0.647139,0.518217,0.652973,0.558252,0.650208,0.558824,0.656009,0.476307,0.650037,0.475397,0.644176,0.761164,0.67622,0.720731,0.672174,0.68032,0.668343,0.639931,0.664741,0.59956,0.661325,0.559213,0.658137,0.518884,0.655143,0.478574,0.652342,0.763525,0.674514,0.762545,0.676386,0.476506,0.638068,0.517538,0.641159,0.558598,0.644446,0.599687,0.647926,0.640814,0.651632,0.681975,0.655514,0.723177,0.659612,0.764419,0.663911,0.475177,0.637974,0.477263,0.652249,0.763795,0.668875,0.76582,0.66408]],
    "metadata":{
        "generator":"io_three",
        "type":"Geometry",
        "vertices":50,
        "normals":44,
        "version":3,
        "faces":58,
        "uvs":1
    },
    "name":"zuohoudugeGeometry"
}