{
    "vertices":[0.115597,0.023071,0.082449,0.11651,0.023215,0.081929,0.116369,0.022996,0.08205,0.114617,0.023366,0.082813,0.113395,0.023398,0.083176,0.115579,0.02331,0.08243,0.097279,0.0217,0.082097,0.097904,0.022086,0.082393,0.097259,0.021943,0.082082,0.098726,0.022245,0.082716,0.107038,0.023158,0.083795,0.104966,0.022997,0.083735,0.113234,0.023399,0.083215,0.111173,0.023371,0.083573,0.109107,0.023285,0.083748,0.100811,0.02256,0.083256,0.09977,0.022415,0.083025,0.10289,0.022801,0.083566,0.096668,0.021545,0.08174,0.096531,0.021755,0.081648,0.115566,0.023517,0.082307,0.116338,0.023444,0.081908,0.097248,0.02215,0.081954,0.096637,0.021995,0.081597,0.115607,0.022798,0.082381,0.11466,0.022858,0.082774,0.113429,0.022891,0.083144,0.097928,0.021551,0.082302,0.097295,0.021404,0.081976,0.098751,0.021717,0.082646,0.10707,0.022641,0.083743,0.104996,0.022479,0.083683,0.113271,0.022892,0.083182,0.111209,0.022863,0.083538,0.109141,0.022772,0.083704,0.099796,0.021893,0.08297,0.100839,0.022041,0.083208,0.102919,0.022283,0.083518,0.114599,0.02376,0.082487,0.115546,0.0237,0.082095,0.113368,0.023793,0.082857,0.097232,0.022322,0.081684,0.097865,0.022469,0.082011,0.098688,0.022635,0.082355,0.104934,0.02339,0.083393,0.107007,0.02355,0.083454,0.111147,0.023767,0.083251,0.113209,0.023794,0.082895,0.109079,0.023679,0.083416,0.100776,0.022956,0.082918,0.099733,0.022809,0.082679,0.102857,0.023196,0.083228],
    "normals":[0.307169,0.307871,0.900449,0.279427,0.309,0.909055,0.284219,-0.044008,0.957732,0.316294,-0.061464,0.946654,-0.425367,-0.174169,0.888058,-0.37904,-0.36784,0.849117,-0.344493,-0.201239,0.916959,-0.411206,0.250343,0.876461,-0.497635,0.231544,0.835871,-0.310831,-0.144902,0.939329,-0.355144,0.260933,0.897641,0.003418,-0.099307,0.995025,-0.024598,0.300638,0.953398,-0.077059,0.297525,0.951567,-0.045289,-0.10303,0.993622,0.128697,-0.059297,0.989898,0.170537,-0.051057,0.984008,0.158452,0.308512,0.937895,0.110752,0.307138,0.945189,0.055452,-0.07944,0.99527,0.033235,0.303598,0.952208,-0.279366,0.273385,0.920438,-0.239204,-0.118198,0.963744,-0.171331,-0.101169,0.97998,-0.20716,0.283364,0.936338,-0.10474,-0.097171,0.989715,-0.137761,0.291757,0.946501,0.414747,-0.044618,0.908811,0.464431,0.297037,0.834284,0.418897,0.301004,0.856655,0.465468,0.129093,0.875576,-0.501389,-0.041993,0.864162,-0.54088,0.220771,0.811579,0.267769,0.632588,0.726676,0.241188,0.619739,0.746788,-0.478378,0.598651,0.642415,-0.402692,0.647145,0.647328,-0.454909,0.738609,0.497421,-0.363201,0.618641,0.696646,-0.049928,0.653615,0.75515,-0.097873,0.648274,0.755058,0.124943,0.628773,0.767449,0.082034,0.634236,0.768761,0.005799,0.645161,0.76397,-0.221076,0.623951,0.749504,-0.289834,0.619983,0.729087,-0.153966,0.634144,0.757714,0.442976,0.45671,0.771447,0.369854,0.609973,0.700766,0.335826,0.729759,0.595508,-0.536393,0.46849,0.701956,0.400037,-0.206305,0.892941],
    "faces":[40,3,4,26,0,1,2,0,1,2,40,26,25,3,2,3,0,2,3,0,40,6,28,27,4,5,6,4,5,6,40,6,27,7,4,6,7,4,6,7,40,6,7,8,4,7,8,4,7,8,40,29,9,7,9,10,7,9,10,7,40,7,27,29,7,6,9,7,6,9,40,30,10,11,11,12,13,11,12,13,40,11,31,30,13,14,11,13,14,11,40,33,32,12,15,16,17,15,16,17,40,12,13,33,17,18,15,17,18,15,40,34,33,13,19,15,18,19,15,18,40,13,14,34,18,20,19,18,20,19,40,30,34,14,11,19,20,11,19,20,40,14,10,30,20,12,11,20,12,11,40,16,35,36,21,22,23,21,22,23,40,36,15,16,23,24,21,23,24,21,40,15,36,37,24,23,25,24,23,25,40,37,17,15,25,26,24,25,26,24,40,11,17,37,13,26,25,13,26,25,40,37,31,11,25,14,13,25,14,13,40,9,29,35,10,9,22,10,9,22,40,35,16,9,22,21,10,22,21,10,40,0,1,5,27,28,29,27,28,29,40,0,2,1,27,30,28,27,30,28,40,18,6,8,31,4,8,31,4,8,40,8,19,18,8,32,31,8,32,31,40,38,40,4,33,34,1,33,34,1,40,4,3,38,1,0,33,1,0,33,40,22,8,7,35,8,7,35,8,7,40,22,7,42,35,7,36,35,7,36,40,22,42,41,35,36,37,35,36,37,40,7,9,43,7,10,38,7,10,38,40,43,42,7,38,36,7,38,36,7,40,11,10,45,13,12,39,13,12,39,40,45,44,11,39,40,13,39,40,13,40,13,12,47,18,17,41,18,17,41,40,47,46,13,41,42,18,41,42,18,40,14,13,46,20,18,42,20,18,42,40,46,48,14,42,43,20,42,43,20,40,10,14,48,12,20,43,12,20,43,40,48,45,10,43,39,12,43,39,12,40,49,50,16,44,45,21,44,45,21,40,16,15,49,21,24,44,21,24,44,40,51,49,15,46,44,24,46,44,24,40,15,17,51,24,26,46,24,26,46,40,44,51,17,40,46,26,40,46,26,40,17,11,44,26,13,40,26,13,40,40,50,43,9,45,38,10,45,38,10,40,9,16,50,10,21,45,10,21,45,40,1,21,20,28,47,48,28,47,48,40,20,5,1,48,29,28,48,29,28,40,21,39,20,47,49,48,47,49,48,40,23,19,8,50,32,8,50,32,8,40,8,22,23,8,35,50,8,35,50,40,0,5,3,27,29,0,27,29,0,40,0,3,25,27,0,3,27,0,3,40,24,0,25,51,27,3,51,27,3,40,3,5,20,0,29,48,0,29,48,40,38,3,20,33,0,48,33,0,48,40,38,20,39,33,48,49,33,48,49,40,2,0,24,30,27,51,30,27,51,40,23,22,41,50,35,37,50,35,37,40,28,6,18,5,4,31,5,4,31],
    "uvs":[[0.890849,0.679397,0.840212,0.704428,0.82317,0.628519,0.874089,0.603056,0.06677,0.600845,0.056129,0.554362,0.090866,0.576258,0.109654,0.657395,0.074663,0.636625,0.134681,0.599249,0.153075,0.678874,0.538332,0.670919,0.555961,0.748697,0.45897,0.74542,0.441226,0.667467,0.72676,0.65584,0.816464,0.631162,0.8334,0.707092,0.743856,0.732116,0.633682,0.667694,0.651037,0.744696,0.206543,0.699422,0.188455,0.620814,0.240717,0.636637,0.258608,0.714621,0.342267,0.656977,0.360037,0.734764,0.921253,0.617975,0.963938,0.618909,0.929039,0.653106,0.950405,0.590589,0.03257,0.576931,0.033749,0.607543,0.902696,0.731028,0.851788,0.756537,0.081039,0.664676,0.119989,0.706532,0.08527,0.684718,0.163777,0.729404,0.567158,0.799866,0.47012,0.796716,0.845088,0.759202,0.755452,0.784182,0.66244,0.796341,0.269746,0.76649,0.217517,0.750819,0.371228,0.786527,0.964593,0.654053,0.93541,0.6813,0.940086,0.704141,0.04685,0.640807,0.911484,0.576202]],
    "metadata":{
        "generator":"io_three",
        "type":"Geometry",
        "vertices":52,
        "normals":52,
        "version":3,
        "faces":64,
        "uvs":1
    },
    "name":"zuohoubahsGeometry"
}