{
    "vertices":[0.030902,0.027151,0.07107,0.12206,0.034339,0.068324,0.109058,0.033219,0.068886,0.096057,0.032132,0.069391,0.083058,0.031078,0.069835,0.070059,0.030052,0.070226,0.05706,0.02906,0.070559,0.044063,0.028097,0.070838,0.122946,0.034424,0.068275,0.030902,0.027151,0.072717,0.12206,0.034339,0.069971,0.109058,0.033219,0.070533,0.096057,0.032132,0.071038,0.083058,0.031078,0.071482,0.070059,0.030052,0.071873,0.05706,0.02906,0.072205,0.044063,0.028097,0.072485,0.122946,0.034424,0.069922,0.030479,0.02712,0.071077,0.030479,0.02712,0.072724],
    "normals":[-0.084536,0.996399,0,-0.090274,0.995911,0,-0.090579,0.99588,0,-0.084597,0.996399,0,-0.082034,0.996612,0,-0.082095,0.996612,0,-0.079714,0.996796,0,-0.079745,0.996796,0,-0.077334,0.996979,0,-0.077395,0.996979,0,-0.074953,0.997162,0,-0.074984,0.997162,0,-0.072787,0.997345,0,-0.071688,0.997406,0,-0.095065,0.995453,0],
    "faces":[40,11,10,1,0,1,2,0,1,2,40,1,2,11,2,3,0,2,3,0,40,12,11,2,4,0,3,4,0,3,40,2,3,12,3,5,4,3,5,4,40,13,12,3,6,4,5,6,4,5,40,3,4,13,5,7,6,5,7,6,40,14,13,4,8,6,7,8,6,7,40,4,5,14,7,9,8,7,9,8,40,15,14,5,10,8,9,10,8,9,40,5,6,15,9,11,10,9,11,10,40,16,15,6,12,10,11,12,10,11,40,6,7,16,11,13,12,11,12,12,40,9,16,7,14,12,13,13,12,12,40,7,0,9,13,15,14,12,13,13,40,10,17,8,1,16,17,1,14,14,40,8,1,10,17,2,1,14,2,1,40,9,0,18,14,15,18,13,13,13,40,18,19,9,18,19,14,13,13,13],
    "uvs":[[0.668886,0.016837,0.707981,0.020582,0.707981,0.031559,0.668886,0.027814,0.629794,0.013474,0.629794,0.024451,0.590705,0.010511,0.590705,0.021488,0.551617,0.007904,0.551617,0.018881,0.512533,0.00569,0.512533,0.016667,0.47345,0.003826,0.47345,0.014803,0.434369,0.002299,0.434369,0.013275,0.710647,0.020912,0.710647,0.031889,0.433099,0.013227,0.433099,0.00225]],
    "metadata":{
        "generator":"io_three",
        "type":"Geometry",
        "vertices":20,
        "normals":15,
        "version":3,
        "faces":18,
        "uvs":1
    },
    "name":"menchuang2Geometry"
}