{
    "vertices":[0.01642,0.015079,0.083919,0.017312,0.015308,0.083473,0.0172,0.015074,0.083547,0.015428,0.015299,0.084273,0.014205,0.015252,0.084588,0.016394,0.015316,0.083926,-0.001644,0.013209,0.082728,-0.001049,0.013575,0.083086,-0.001672,0.013449,0.08274,-0.000252,0.01372,0.083452,0.007903,0.014753,0.084929,0.00586,0.014538,0.084774,0.014045,0.015244,0.084619,0.011995,0.015114,0.084891,0.009948,0.014946,0.084975,0.001782,0.014034,0.084098,0.000764,0.013885,0.083815,0.00382,0.0143,0.084507,-0.002231,0.013077,0.082337,-0.002386,0.013286,0.082253,0.016379,0.015533,0.083828,0.017159,0.015529,0.083456,-0.001686,0.013667,0.082636,-0.002272,0.013535,0.082245,0.016442,0.014819,0.083823,0.01549,0.014805,0.08418,0.014258,0.014758,0.084501,-0.001003,0.01306,0.082939,-0.001613,0.012931,0.082577,-0.000207,0.01321,0.083327,0.007954,0.014251,0.084822,0.00591,0.014035,0.084666,0.0141,0.014751,0.084533,0.012049,0.014619,0.084802,0.01,0.014448,0.084877,0.00081,0.013378,0.083704,0.001828,0.013529,0.083994,0.003868,0.013797,0.084405,0.015407,0.015722,0.083995,0.01636,0.015736,0.083638,0.014176,0.015676,0.084316,-0.001698,0.013866,0.082389,-0.001088,0.013993,0.082751,-0.000291,0.014143,0.083139,0.005827,0.014961,0.08448,0.007871,0.015176,0.084636,0.011966,0.015539,0.084616,0.014018,0.015668,0.084348,0.009917,0.01537,0.084691,0.001744,0.01446,0.083807,0.000726,0.01431,0.083516,0.003784,0.014725,0.084218],
    "normals":[0.264962,0.213782,0.940245,0.236946,0.21308,0.947844,0.252388,-0.142857,0.956999,0.28544,-0.157903,0.94528,-0.449355,-0.286233,0.846217,-0.394971,-0.472701,0.787713,-0.368633,-0.313791,0.874996,-0.44966,0.13715,0.882565,-0.534074,0.120334,0.836787,-0.337779,-0.259377,0.904752,-0.394787,0.147008,0.906919,-0.027375,-0.210639,0.977172,-0.067965,0.190405,0.979339,-0.120212,0.185858,0.975188,-0.075838,-0.215766,0.973479,0.096469,-0.166448,0.981292,0.138218,-0.156346,0.977966,0.115116,0.205603,0.971831,0.067263,0.201941,0.97705,0.023865,-0.189306,0.981597,-0.010224,0.195288,0.980682,-0.320353,0.159154,0.933805,-0.268014,-0.233436,0.93469,-0.201361,-0.216193,0.955351,-0.249123,0.16953,0.95349,-0.135319,-0.211249,0.967986,-0.180456,0.178869,0.967162,0.383953,-0.134312,0.913511,0.424055,0.215339,0.879635,0.377361,0.215339,0.900662,0.430342,0.031831,0.902097,-0.531449,-0.149358,0.833796,-0.577288,0.110843,0.808954,0.220252,0.554674,0.802362,0.193457,0.538804,0.81988,-0.52092,0.507401,0.686392,-0.447157,0.557298,0.699576,-0.497391,0.663442,0.558916,-0.40846,0.524674,0.746879,-0.098788,0.562487,0.820856,-0.146489,0.555773,0.818293,0.076296,0.541826,0.837001,0.033235,0.545762,0.837245,-0.043123,0.554918,0.830775,-0.268502,0.528398,0.805383,-0.336344,0.524613,0.782037,-0.202094,0.539659,0.817225,0.3979,0.391522,0.829646,0.323283,0.538682,0.777978,0.289346,0.668111,0.685446,-0.577746,0.36433,0.730369,0.375988,-0.293039,0.879025],
    "faces":[40,3,4,26,0,1,2,0,1,2,40,26,25,3,2,3,0,2,3,0,40,6,28,27,4,5,6,4,5,6,40,6,27,7,4,6,7,4,6,7,40,6,7,8,4,7,8,4,7,8,40,29,9,7,9,10,7,9,10,7,40,7,27,29,7,6,9,7,6,9,40,30,10,11,11,12,13,11,12,13,40,11,31,30,13,14,11,13,14,11,40,33,32,12,15,16,17,15,16,17,40,12,13,33,17,18,15,17,18,15,40,34,33,13,19,15,18,19,15,18,40,13,14,34,18,20,19,18,20,19,40,30,34,14,11,19,20,11,19,20,40,14,10,30,20,12,11,20,12,11,40,16,35,36,21,22,23,21,22,23,40,36,15,16,23,24,21,23,24,21,40,15,36,37,24,23,25,24,23,25,40,37,17,15,25,26,24,25,26,24,40,11,17,37,13,26,25,13,26,25,40,37,31,11,25,14,13,25,14,13,40,9,29,35,10,9,22,10,9,22,40,35,16,9,22,21,10,22,21,10,40,0,1,5,27,28,29,27,28,29,40,0,2,1,27,30,28,27,30,28,40,18,6,8,31,4,8,31,4,8,40,8,19,18,8,32,31,8,32,31,40,38,40,4,33,34,1,33,34,1,40,4,3,38,1,0,33,1,0,33,40,22,8,7,35,8,7,35,8,7,40,22,7,42,35,7,36,35,7,36,40,22,42,41,35,36,37,35,36,37,40,7,9,43,7,10,38,7,10,38,40,43,42,7,38,36,7,38,36,7,40,11,10,45,13,12,39,13,12,39,40,45,44,11,39,40,13,39,40,13,40,13,12,47,18,17,41,18,17,41,40,47,46,13,41,42,18,41,42,18,40,14,13,46,20,18,42,20,18,42,40,46,48,14,42,43,20,42,43,20,40,10,14,48,12,20,43,12,20,43,40,48,45,10,43,39,12,43,39,12,40,49,50,16,44,45,21,44,45,21,40,16,15,49,21,24,44,21,24,44,40,51,49,15,46,44,24,46,44,24,40,15,17,51,24,26,46,24,26,46,40,44,51,17,40,46,26,40,46,26,40,17,11,44,26,13,40,26,13,40,40,50,43,9,45,38,10,45,38,10,40,9,16,50,10,21,45,10,21,45,40,1,21,20,28,47,48,28,47,48,40,20,5,1,48,29,28,48,29,28,40,21,39,20,47,49,48,47,49,48,40,23,19,8,50,32,8,50,32,8,40,8,22,23,8,35,50,8,35,50,40,0,5,3,27,29,0,27,29,0,40,0,3,25,27,0,3,27,0,3,40,24,0,25,51,27,3,51,27,3,40,3,5,20,0,29,48,0,29,48,40,38,3,20,33,0,48,33,0,48,40,38,20,39,33,48,49,33,48,49,40,23,22,41,50,35,37,50,35,37,40,28,6,18,5,4,31,5,4,31,40,2,0,24,30,27,51,30,27,51],
    "uvs":[[0.881919,0.700065,0.829598,0.717868,0.813761,0.645681,0.866396,0.627553,0.063873,0.600115,0.054379,0.556974,0.08741,0.575635,0.104682,0.652224,0.07132,0.63445,0.129411,0.595519,0.146397,0.670887,0.526636,0.667991,0.542954,0.741761,0.446494,0.73539,0.430064,0.661451,0.715626,0.663478,0.806881,0.647506,0.822611,0.719707,0.731501,0.735986,0.621947,0.669188,0.638038,0.742307,0.198199,0.689206,0.181447,0.614667,0.232397,0.62922,0.248992,0.703245,0.332162,0.649277,0.34864,0.723113,0.914553,0.647011,0.958262,0.655944,0.921923,0.680782,0.945621,0.626498,0.031529,0.579884,0.031772,0.609235,0.894358,0.752864,0.841733,0.771037,0.07782,0.662618,0.115875,0.7032,0.082862,0.68462,0.15785,0.722967,0.554811,0.794257,0.458305,0.788011,0.834858,0.772884,0.743669,0.789152,0.650056,0.79516,0.26077,0.756373,0.209853,0.741969,0.360468,0.776133,0.959488,0.688642,0.92839,0.709019,0.933604,0.733076,0.045485,0.642432,0.905649,0.607797]],
    "metadata":{
        "generator":"io_three",
        "type":"Geometry",
        "vertices":52,
        "normals":52,
        "version":3,
        "faces":64,
        "uvs":1
    },
    "name":"zuoqianbasGeometry"
}