{
    "vertices":[-0.044374,0.025451,0.071702,-0.035327,0.025451,0.071895,-0.02628,0.025451,0.072065,-0.017233,0.025451,0.072213,-0.008186,0.025451,0.072339,0.000862,0.025451,0.072444,0.009909,0.025451,0.072526,-0.044374,0.031476,0.069858,-0.035327,0.031476,0.07008,-0.02628,0.031476,0.070277,-0.017233,0.031476,0.070451,-0.008186,0.031476,0.070601,0.000862,0.031476,0.070727,0.009909,0.031476,0.070828,0.018956,0.031476,0.070906,-0.044374,0.0375,0.067785,-0.035327,0.0375,0.068015,-0.02628,0.0375,0.068223,-0.017233,0.0375,0.068408,-0.008186,0.0375,0.06857,0.000862,0.0375,0.06871,0.009909,0.0375,0.068827,0.018956,0.0375,0.068922,-0.044374,0.043524,0.065484,-0.035327,0.043524,0.065701,-0.02628,0.043524,0.0659,-0.017233,0.043524,0.066082,-0.008186,0.043524,0.066247,0.000862,0.043524,0.066394,0.009909,0.043524,0.066524,0.018956,0.043524,0.066636,0.028003,0.061597,0.058143,0.018956,0.061597,0.057959,0.009909,0.061597,0.057794,0.000862,0.061597,0.057648,-0.008186,0.061597,0.057522,0.018956,0.055573,0.061154,0.009909,0.055573,0.061007,0.000862,0.055573,0.060863,-0.008186,0.055573,0.060723,-0.017233,0.055573,0.060586,-0.02628,0.055573,0.060453,0.018956,0.049549,0.064047,0.009909,0.049549,0.063917,0.000862,0.049549,0.063778,-0.008186,0.049549,0.063631,-0.017233,0.049549,0.063475,-0.02628,0.049549,0.06331,-0.035327,0.049549,0.063137,-0.044374,0.046952,0.064073,-0.040019,0.049549,0.063044,-0.035327,0.052346,0.061862,-0.027559,0.055573,0.060435,-0.02628,0.056104,0.060188,-0.017233,0.059863,0.058357,-0.011137,0.061597,0.057485,-0.008186,0.062437,0.057053,0.000862,0.064386,0.056059,0.009909,0.065708,0.055427,0.018956,0.066404,0.055191,0.028003,0.066892,0.055117,0.018956,0.025705,0.072521,0.014849,0.025451,0.072561,0.009909,0.025146,0.072604,0.000862,0.024588,0.072665,-0.008186,0.02403,0.072707,-0.017233,0.023471,0.072731,-0.02628,0.022913,0.072738,-0.035327,0.022355,0.07273,-0.044374,0.02183,0.072701,-0.04516,0.043524,0.065464,-0.046541,0.0375,0.067727,-0.047922,0.031476,0.069764,-0.049303,0.025451,0.071588,-0.050211,0.021491,0.072677,0.020678,0.025811,0.072503,0.022011,0.031476,0.070926,0.023429,0.0375,0.068961,0.024847,0.043524,0.0667,0.026265,0.049549,0.064145,0.027683,0.055573,0.0613,0.028003,0.05693,0.060619,0.029102,0.061597,0.058167,0.030346,0.066886,0.055183],
    "normals":[-0.016541,0.404981,0.914151,-0.021058,0.374767,0.926847,-0.019166,0.376995,0.925993,-0.017151,0.411786,0.9111,-0.017426,0.378399,0.925474,-0.015778,0.414502,0.909879,-0.015687,0.378857,0.925291,-0.014924,0.416303,0.909085,-0.013947,0.37843,0.925504,-0.0141,0.416761,0.908872,-0.012238,0.377087,0.926084,-0.013276,0.415937,0.909268,-0.010834,0.37492,0.926969,-0.012635,0.413862,0.910245,-0.010743,0.376415,0.926359,-0.013215,0.414563,0.909909,-0.023743,0.308634,0.950865,-0.021149,0.279275,0.95996,-0.019471,0.274697,0.961303,-0.02176,0.306009,0.95175,-0.017212,0.270608,0.962523,-0.019288,0.303385,0.952635,-0.014924,0.267067,0.96353,-0.016816,0.30079,0.95352,-0.012604,0.264077,0.964385,-0.014374,0.298227,0.954375,-0.010285,0.261605,0.965117,-0.011902,0.295724,0.955168,-0.008148,0.259621,0.965667,-0.009552,0.293313,0.955962,-0.024445,0.340831,0.939787,-0.02234,0.341044,0.939756,-0.020081,0.340983,0.939848,-0.017792,0.340465,0.940062,-0.015503,0.339488,0.940458,-0.013215,0.338054,0.941008,-0.010956,0.336161,0.94171,-0.007508,0.291543,0.956511,-0.009156,0.333903,0.942534,-0.006836,0.294046,0.955748,-0.008667,0.336009,0.941801,-0.021638,0.370159,0.928678,-0.01178,0.478683,0.877895,-0.013581,0.451918,0.891934,-0.013703,0.452986,0.891385,-0.012909,0.482864,0.875576,-0.0141,0.45262,0.891568,-0.014435,0.484359,0.874722,-0.01532,0.450148,0.892788,-0.016877,0.483749,0.875027,-0.014954,0.441908,0.896908,-0.016877,0.461867,0.886776,-0.018677,0.48262,0.875607,-0.019379,0.483993,0.874813,-0.013581,0.437666,0.899014,-0.012268,0.447798,0.89404,-0.018403,0.393445,0.919126,-0.009705,0.380627,0.92465,-0.009461,0.414808,0.909848,-0.013764,0.429456,0.902951,-0.012879,0.448439,0.893704,-0.007141,0.461013,0.887326,-0.010712,0.469344,0.882931,-0.011536,0.488693,0.872372,-0.012513,0.495773,0.868343,-0.014222,0.498856,0.866543,-0.017121,0.498276,0.866817,-0.021058,0.495804,0.86816,-0.023041,0.495407,0.868343,-0.006867,0.26957,0.962951,-0.0065,0.26957,0.962951,-0.007538,0.269845,0.962859,-0.007843,0.247414,0.968871,-0.01001,0.248573,0.968535,-0.012238,0.250465,0.968017,-0.014435,0.253151,0.967284,-0.016511,0.256691,0.966338,-0.018494,0.261208,0.965087,-0.019868,0.26661,0.963591,-0.021271,0.279397,0.959929,-0.019684,0.269143,0.962889,-0.024354,0.307321,0.951262,-0.025269,0.338908,0.940458,-0.023438,0.367107,0.929868],