{
    "vertices":[0.029841,0.025886,0.074588,0.029971,0.026762,0.074089,-0.071948,0.019983,0.074374,-0.071777,0.020863,0.073895,-0.057407,0.020642,0.074613,-0.042866,0.02137,0.074782,-0.028324,0.022166,0.074879,-0.013783,0.023022,0.074906,0.000758,0.02393,0.074866,0.0153,0.024885,0.07476,0.015435,0.025762,0.074266,0.0009,0.024807,0.074376,-0.013635,0.0239,0.07442,-0.028171,0.023045,0.074396,-0.042706,0.022249,0.074301,-0.057242,0.021522,0.074133,0.029887,0.025478,0.073414,-0.072024,0.019587,0.073342,-0.057931,0.019595,0.071966,-0.04326,0.020323,0.072135,-0.028605,0.021131,0.072231,-0.01396,0.022006,0.072259,0.000677,0.022942,0.072219,0.015311,0.02393,0.072112,0.03006,0.02709,0.072731,-0.071574,0.021227,0.072516,0.015786,0.026111,0.072906,0.001352,0.025165,0.073016,-0.013082,0.024266,0.073059,-0.027516,0.023419,0.073035,-0.041948,0.02263,0.072941,-0.056381,0.021908,0.072772,-0.072479,0.01957,0.073333,-0.072401,0.019966,0.074364,-0.07223,0.020847,0.073884,-0.072023,0.021227,0.072503,0.030267,0.025916,0.074582,0.030396,0.026793,0.074082,0.030483,0.027121,0.072724,0.030314,0.025508,0.073407,0.030314,0.025508,0.073407,0.030483,0.027121,0.072724,0.030483,0.027121,0.072724,-0.072479,0.01957,0.073333,-0.072401,0.019966,0.074364,-0.072401,0.019966,0.074364,-0.07223,0.020847,0.073884],
    "normals":[-0.047212,0.79281,0.607593,0.015534,-0.340678,0.940031,0.021455,-0.341441,0.939634,-0.047517,0.794305,0.60564,-0.003937,-0.344798,0.938658,-0.04236,0.7875,0.614826,-0.043001,0.760094,0.648366,-0.003143,-0.445418,0.895291,0.003204,-0.341472,0.939848,-0.045717,0.790979,0.610096,0.009308,-0.340861,0.940031,-0.046632,0.791559,0.609272,0.037263,-0.347728,0.936827,-0.047731,0.799402,0.598834,-0.047578,0.797479,0.601459,0.032655,-0.34547,0.937834,0.027253,-0.34315,0.938871,-0.047548,0.795801,0.603656,0.640675,0.592761,0.48796,-0.066042,0.970946,0.229926,-0.065035,0.970946,0.23014,-0.063051,0.970489,0.232643,-0.061068,0.970031,0.235084,-0.05887,0.969634,0.237342,-0.056368,0.969237,0.239479,-0.053438,0.968902,0.241493,-0.05005,0.968627,0.243385,-0.028108,0.967681,0.250557,0.032167,-0.933683,0.356548,0.038789,-0.931791,0.360881,0.028443,-0.933714,0.356792,0.044984,-0.931303,0.3614,0.051393,-0.932005,0.358776,0.057161,-0.933592,0.35371,0.062441,-0.93585,0.346751,0.067171,-0.938475,0.338725,0.071169,-0.941404,0.32963,-0.409955,0.89227,0.189123,0.539293,-0.281594,0.793603,0.072024,-0.941404,0.329447,0.994873,-0.076632,0.06592,0.991302,-0.127232,0.032685,-0.96704,0.253334,-0.024354,-0.985168,0.130528,-0.11127],
    "faces":[40,13,6,7,0,1,2,0,1,2,40,7,12,13,2,3,0,2,3,0,40,2,3,34,4,5,6,4,5,6,40,34,33,2,6,7,4,6,7,4,40,3,2,4,5,4,8,5,4,8,40,4,15,3,8,9,5,8,9,5,40,15,4,5,9,8,10,9,8,10,40,5,14,15,10,11,9,10,11,9,40,14,5,6,11,10,1,11,10,1,40,6,13,14,1,0,11,1,0,11,40,0,1,10,12,13,14,12,13,14,40,0,10,9,12,14,15,12,14,15,40,8,9,10,16,15,14,16,15,14,40,10,11,8,14,17,16,14,17,16,40,8,11,12,16,17,3,16,17,3,40,12,7,8,3,2,16,3,2,16,40,37,38,24,18,19,20,18,19,20,40,24,1,37,20,13,18,20,13,18,40,1,24,26,13,20,21,13,20,21,40,26,10,1,21,14,13,21,14,13,40,10,26,27,14,21,22,14,21,22,40,27,11,10,22,17,14,22,17,14,40,11,27,28,17,22,23,17,22,23,40,28,12,11,23,3,17,23,3,17,40,12,28,29,3,23,24,3,23,24,40,29,13,12,24,0,3,24,0,3,40,13,29,30,0,24,25,0,24,25,40,30,14,13,25,11,0,25,11,0,40,14,30,31,11,25,26,11,25,26,40,31,15,14,26,9,11,26,9,11,40,15,31,25,9,26,27,9,26,27,40,25,3,15,27,5,9,27,5,9,40,4,2,17,8,4,28,8,4,28,40,17,18,4,28,29,8,28,29,8,40,33,32,17,7,30,28,7,30,28,40,17,2,33,28,4,7,28,4,7,40,5,4,18,10,8,29,10,8,29,40,18,19,5,29,31,10,29,31,10,40,6,5,19,1,10,31,1,10,31,40,19,20,6,31,32,1,31,32,1,40,7,6,20,2,1,32,2,1,32,40,20,21,7,32,33,2,32,33,2,40,8,7,21,16,2,33,16,2,33,40,21,22,8,33,34,16,33,34,16,40,9,8,22,15,16,34,15,16,34,40,22,23,9,34,35,15,34,35,15,40,0,9,23,12,15,35,12,15,35,40,0,23,16,12,35,36,12,35,36,40,3,25,35,5,27,37,5,27,37,40,35,34,3,37,6,5,37,6,5,40,1,0,36,13,12,38,13,12,38,40,36,37,1,38,18,13,38,18,13,40,36,0,16,38,12,36,38,12,36,40,16,39,36,36,39,38,36,39,38,40,36,40,41,38,19,39,38,40,40,40,42,37,36,39,18,38,41,18,38,40,35,43,44,37,7,6,37,42,42,40,45,46,35,6,30,37,43,43,37],
    "uvs":[[0.294933,0.640521,0.293947,0.634658,0.338936,0.636515,0.339903,0.642376,0.159208,0.631662,0.160249,0.637531,0.158855,0.637544,0.157814,0.631668,0.20408,0.6322,0.205104,0.638067,0.248994,0.633199,0.249999,0.639064,0.474077,0.644088,0.474987,0.649943,0.429933,0.647114,0.429003,0.641257,0.383955,0.638725,0.384904,0.644583,0.476307,0.650037,0.477263,0.652249,0.475953,0.652155,0.431211,0.649366,0.386496,0.64687,0.341811,0.644692,0.297158,0.642862,0.252541,0.641421,0.207964,0.640433,0.163427,0.639898,0.156548,0.624891,0.201862,0.625304,0.155137,0.624905,0.247171,0.626269,0.29248,0.627774,0.337797,0.629739,0.383126,0.632106,0.428475,0.634831,0.473848,0.63788,0.162042,0.63991,0.475397,0.644176,0.475177,0.637974]],
    "metadata":{
        "generator":"io_three",
        "type":"Geometry",
        "vertices":47,
        "normals":44,
        "version":3,
        "faces":58,
        "uvs":1
    },
    "name":"zuoqiandugGeometry"
}