{
    "vertices":[-0.062468,0.025451,0.071228,-0.053421,0.025451,0.071438,-0.062468,0.031476,0.069365,-0.053421,0.031476,0.069605,-0.053421,0.0375,0.067472,-0.06938,0.025451,0.070978,-0.067244,0.031476,0.069206,-0.066417,0.033809,0.068448,-0.062468,0.036164,0.067721,-0.060227,0.0375,0.067278,-0.053421,0.041558,0.065866,-0.050123,0.043524,0.06519,-0.053421,0.021305,0.072525,-0.062468,0.02078,0.072479,-0.07114,0.020487,0.072275,-0.051001,0.021445,0.072517,-0.050067,0.025451,0.071482,-0.048663,0.031476,0.069699,-0.047259,0.0375,0.06767,-0.045855,0.043524,0.065436,-0.045167,0.04648,0.06428],
    "normals":[-0.025849,0.312601,0.949522,-0.027772,0.276345,0.960631,-0.017792,0.272683,0.961913,-0.021668,0.312082,0.949797,-0.013977,0.273965,0.961608,-0.021943,0.311624,0.949919,-0.0271,0.349681,0.93646,-0.034974,0.347667,0.936949,-0.032502,0.304117,0.952055,-0.033418,0.274239,0.961058,-0.027833,0.324412,0.945494,-0.015107,0.330943,0.94351,-0.022675,0.340007,0.940123,-0.028108,0.367809,0.929441,-0.053529,0.367443,0.928495,-0.042695,0.365734,0.929716,-0.053346,0.374615,0.925626,-0.016724,0.254433,0.966918,-0.011933,0.253365,0.967284,-0.026917,0.259529,0.965331,-0.031617,0.26307,0.964232],
    "faces":[40,2,0,1,0,1,2,0,1,2,40,1,3,2,2,3,0,2,3,0,40,3,1,16,3,2,4,3,2,4,40,16,17,3,4,5,3,4,5,3,40,4,3,17,6,3,5,6,3,5,40,17,18,4,5,7,6,5,7,6,40,0,2,6,1,0,8,1,0,8,40,0,6,5,1,8,9,1,8,9,40,7,6,2,10,8,0,10,8,0,40,2,8,7,0,11,10,0,11,10,40,3,4,9,3,6,12,3,6,12,40,2,3,9,0,3,12,0,3,12,40,8,2,9,11,0,12,11,0,12,40,9,4,10,12,6,13,12,6,13,40,18,19,11,7,14,15,7,14,15,40,4,18,11,6,7,15,6,7,15,40,10,4,11,13,6,15,13,6,15,40,11,19,20,15,14,16,15,14,16,40,1,12,15,2,17,18,2,17,18,40,15,16,1,18,4,2,18,4,2,40,0,12,1,1,17,2,1,17,2,40,0,13,12,1,19,17,1,19,17,40,13,0,5,19,1,9,19,1,9,40,5,14,13,9,20,19,9,20,19],
    "uvs":[[0.139421,0.022575,0.139421,0.010104,0.167165,0.008701,0.167165,0.020971,0.17745,0.008408,0.181755,0.020343,0.167165,0.035249,0.186061,0.033919,0.124775,0.023638,0.118226,0.011778,0.127312,0.028713,0.139421,0.033582,0.146294,0.036543,0.167165,0.045998,0.190366,0.048873,0.177279,0.05052,0.192478,0.056613,0.167165,0.001422,0.174587,0.001477,0.139421,0.00173,0.11283,0.003099]],
    "metadata":{
        "generator":"io_three",
        "type":"Geometry",
        "vertices":21,
        "normals":21,
        "version":3,
        "faces":24,
        "uvs":1
    },
    "name":"zuoqianbo0Geometry"
}